Station,Heure_requete,Jour,Date,Heure,Temperature,Temperature_precedente,Variation_temperature,Chute_temperature,Probabilite_pluie,Type_precipitation,Pluie_mm,Pluie_sup_50
Paris,2026-09-29 08:01:07,J+1,2026-09-30,19:00,23,23,0,NON,63,rain,0.75,OUI
Amsterdam,2026-09-29 08:01:07,J+1,2026-09-30,21:00,20,21,-1,NON,53,rain,0.3,OUI
Amsterdam,2026-09-29 08:01:07,J+1,2026-09-30,22:00,20,20,0,NON,54,rain,1.1,OUI
Amsterdam,2026-09-29 08:01:07,J+1,2026-09-30,23:00,20,20,0,NON,60,rain,0.8,OUI
Amsterdam,2026-09-29 08:01:07,J+2,2026-10-01,00:00,19,20,-1,NON,64,rain,1.3,OUI
Amsterdam,2026-09-29 08:01:07,J+2,2026-10-01,01:00,19,19,0,NON,60,rain,1.1,OUI
Amsterdam,2026-09-29 08:01:07,J+2,2026-10-01,02:00,19,19,0,NON,88,rain,1.4,OUI
Amsterdam,2026-09-29 08:01:07,J+2,2026-10-01,03:00,18,19,-1,NON,88,rain,0.9,OUI
Amsterdam,2026-09-29 08:01:07,J+2,2026-10-01,04:00,18,18,0,NON,66,rain,0.6,OUI
Amsterdam,2026-09-29 08:01:07,J+2,2026-10-01,05:00,18,18,0,NON,52,rain,0.6,OUI
Amsterdam,2026-09-29 08:01:07,J+2,2026-10-01,06:00,18,18,0,NON,51,rain,0.7,OUI
Helsinski,2026-09-29 08:01:07,J+0,2026-09-29,09:00,13,,,NON,100,rain,1.52,OUI
Helsinski,2026-09-29 08:01:07,J+0,2026-09-29,10:00,13,13,0,NON,76,rain,0.4,OUI
Tokyo,2026-09-29 08:01:07,J+0,2026-09-29,15:00,20,,,NON,100,rain,2.44,OUI
Tokyo,2026-09-29 08:01:07,J+0,2026-09-29,16:00,20,20,0,NON,93,rain,5.41,OUI
Tokyo,2026-09-29 08:01:07,J+0,2026-09-29,17:00,20,20,0,NON,100,rain,4.51,OUI
Tokyo,2026-09-29 08:01:07,J+0,2026-09-29,18:00,20,20,0,NON,100,rain,2.44,OUI
Tokyo,2026-09-29 08:01:07,J+0,2026-09-29,19:00,20,20,0,NON,100,rain,1.45,OUI
Tokyo,2026-09-29 08:01:07,J+0,2026-09-29,20:00,20,20,0,NON,100,rain,1.6,OUI
Tokyo,2026-09-29 08:01:07,J+0,2026-09-29,21:00,19,20,-1,NON,95,rain,1.5,OUI
Tokyo,2026-09-29 08:01:07,J+0,2026-09-29,22:00,19,19,0,NON,81,rain,1.1,OUI
Tokyo,2026-09-29 08:01:07,J+0,2026-09-29,23:00,19,19,0,NON,90,rain,1.0,OUI
Tokyo,2026-09-29 08:01:07,J+1,2026-09-30,00:00,19,19,0,NON,86,rain,1.2,OUI
Tokyo,2026-09-29 08:01:07,J+1,2026-09-30,01:00,19,19,0,NON,86,rain,1.4,OUI
Tokyo,2026-09-29 08:01:07,J+1,2026-09-30,02:00,19,19,0,NON,79,rain,0.9,OUI
Tokyo,2026-09-29 08:01:07,J+1,2026-09-30,03:00,19,19,0,NON,66,rain,0.5,OUI
Tokyo,2026-09-29 08:01:07,J+1,2026-09-30,04:00,19,19,0,NON,64,rain,0.4,OUI
Tokyo,2026-09-29 08:01:07,J+1,2026-09-30,08:00,19,19,0,NON,59,rain,0.5,OUI
Tokyo,2026-09-29 08:01:07,J+1,2026-09-30,09:00,19,19,0,NON,62,rain,0.5,OUI
Tokyo,2026-09-29 08:01:07,J+1,2026-09-30,10:00,20,19,1,NON,60,rain,0.5,OUI
Tokyo,2026-09-29 08:01:07,J+1,2026-09-30,11:00,20,20,0,NON,57,rain,0.7,OUI
Tokyo,2026-09-29 08:01:07,J+1,2026-09-30,12:00,20,20,0,NON,52,rain,0.7,OUI
Miami,2026-09-29 08:01:07,J+0,2026-09-29,16:00,81,82,-1,NON,68,rain,0.08,OUI
Miami,2026-09-29 08:01:07,J+0,2026-09-29,17:00,79,81,-2,NON,66,rain,0.35,OUI
Miami,2026-09-29 08:01:07,J+2,2026-10-01,01:00,80,80,0,NON,57,rain,0.07,OUI
Miami,2026-09-29 08:01:07,J+2,2026-10-01,08:00,80,80,0,NON,52,rain,0.01,OUI
Miami,2026-09-29 08:01:07,J+2,2026-10-01,09:00,81,80,1,NON,66,rain,0.02,OUI
Miami,2026-09-29 08:01:07,J+2,2026-10-01,10:00,82,81,1,NON,64,rain,0.02,OUI
Miami,2026-09-29 08:01:07,J+2,2026-10-01,11:00,84,82,2,NON,67,rain,0.03,OUI
Miami,2026-09-29 08:01:07,J+2,2026-10-01,12:00,84,84,0,NON,55,rain,0.02,OUI
Miami,2026-09-29 08:01:07,J+2,2026-10-01,13:00,84,84,0,NON,71,rain,0.09,OUI
Miami,2026-09-29 08:01:07,J+2,2026-10-01,14:00,83,84,-1,NON,51,rain,0.01,OUI
Miami,2026-09-29 08:01:07,J+2,2026-10-01,21:00,82,82,0,NON,52,rain,0.03,OUI
Miami,2026-09-29 08:01:07,J+2,2026-10-01,22:00,81,82,-1,NON,59,rain,0.03,OUI
Miami,2026-09-29 08:01:07,J+2,2026-10-01,23:00,81,81,0,NON,59,rain,0.02,OUI
Austin,2026-09-29 08:01:07,J+2,2026-10-01,04:00,78,79,-1,NON,72,rain,0.06,OUI
Austin,2026-09-29 08:01:07,J+2,2026-10-01,05:00,78,78,0,NON,74,rain,0.03,OUI
Austin,2026-09-29 08:01:07,J+2,2026-10-01,06:00,77,78,-1,NON,60,rain,0.05,OUI
Austin,2026-09-29 08:01:07,J+2,2026-10-01,07:00,76,77,-1,NON,66,rain,0.03,OUI
Austin,2026-09-29 08:01:07,J+2,2026-10-01,08:00,76,76,0,NON,59,rain,0.03,OUI
Austin,2026-09-29 08:01:07,J+2,2026-10-01,09:00,79,76,3,NON,56,rain,0.03,OUI
Austin,2026-09-29 08:01:07,J+2,2026-10-01,10:00,80,79,1,NON,74,rain,0.04,OUI
Austin,2026-09-29 08:01:07,J+2,2026-10-01,11:00,81,80,1,NON,57,rain,0.03,OUI
Austin,2026-09-29 08:01:07,J+2,2026-10-01,13:00,82,82,0,NON,54,rain,0.04,OUI
Austin,2026-09-29 08:01:07,J+2,2026-10-01,14:00,82,82,0,NON,68,rain,0.12,OUI
Austin,2026-09-29 08:01:07,J+2,2026-10-01,15:00,82,82,0,NON,83,rain,0.19,OUI
Austin,2026-09-29 08:01:07,J+2,2026-10-01,16:00,82,82,0,NON,77,rain,0.17,OUI
Austin,2026-09-29 08:01:07,J+2,2026-10-01,17:00,81,82,-1,NON,80,rain,0.06,OUI
Austin,2026-09-29 08:01:07,J+2,2026-10-01,18:00,80,81,-1,NON,79,rain,0.06,OUI
Austin,2026-09-29 08:01:07,J+2,2026-10-01,19:00,78,80,-2,NON,80,rain,0.05,OUI
Austin,2026-09-29 08:01:07,J+2,2026-10-01,20:00,76,78,-2,NON,79,rain,0.05,OUI
Austin,2026-09-29 08:01:07,J+2,2026-10-01,21:00,75,76,-1,NON,84,rain,0.06,OUI
Austin,2026-09-29 08:01:07,J+2,2026-10-01,22:00,75,75,0,NON,91,rain,0.07,OUI
Austin,2026-09-29 08:01:07,J+2,2026-10-01,23:00,75,75,0,NON,96,rain,0.07,OUI
Dallas,2026-09-29 08:01:07,J+2,2026-10-01,02:00,81,82,-1,NON,52,rain,0.02,OUI
Dallas,2026-09-29 08:01:07,J+2,2026-10-01,03:00,80,81,-1,NON,58,rain,0.03,OUI
Dallas,2026-09-29 08:01:07,J+2,2026-10-01,04:00,79,80,-1,NON,80,rain,0.05,OUI
Dallas,2026-09-29 08:01:07,J+2,2026-10-01,05:00,79,79,0,NON,81,rain,0.06,OUI
Dallas,2026-09-29 08:01:07,J+2,2026-10-01,06:00,78,79,-1,NON,72,rain,0.06,OUI
Dallas,2026-09-29 08:01:07,J+2,2026-10-01,07:00,77,78,-1,NON,85,rain,0.12,OUI
Dallas,2026-09-29 08:01:07,J+2,2026-10-01,08:00,76,77,-1,NON,94,rain,0.23,OUI
Dallas,2026-09-29 08:01:07,J+2,2026-10-01,09:00,76,76,0,NON,95,rain,0.18,OUI
Dallas,2026-09-29 08:01:07,J+2,2026-10-01,10:00,77,76,1,NON,99,rain,0.18,OUI
Dallas,2026-09-29 08:01:07,J+2,2026-10-01,11:00,77,77,0,NON,99,rain,0.12,OUI
Dallas,2026-09-29 08:01:07,J+2,2026-10-01,12:00,77,77,0,NON,96,rain,0.11,OUI
Dallas,2026-09-29 08:01:07,J+2,2026-10-01,13:00,76,77,-1,NON,89,rain,0.09,OUI
Dallas,2026-09-29 08:01:07,J+2,2026-10-01,14:00,76,76,0,NON,89,rain,0.09,OUI
Dallas,2026-09-29 08:01:07,J+2,2026-10-01,15:00,77,76,1,NON,84,rain,0.06,OUI
Dallas,2026-09-29 08:01:07,J+2,2026-10-01,16:00,78,77,1,NON,70,rain,0.04,OUI
Dallas,2026-09-29 08:01:07,J+2,2026-10-01,17:00,78,78,0,NON,56,rain,0.04,OUI
Dallas,2026-09-29 08:01:07,J+2,2026-10-01,18:00,78,78,0,NON,61,rain,0.04,OUI
Dallas,2026-09-29 08:01:07,J+2,2026-10-01,19:00,77,78,-1,NON,64,rain,0.04,OUI
Dallas,2026-09-29 08:01:07,J+2,2026-10-01,20:00,76,77,-1,NON,71,rain,0.04,OUI
Dallas,2026-09-29 08:01:07,J+2,2026-10-01,21:00,75,76,-1,NON,83,rain,0.05,OUI
Dallas,2026-09-29 08:01:07,J+2,2026-10-01,22:00,75,75,0,NON,84,rain,0.07,OUI
Dallas,2026-09-29 08:01:07,J+2,2026-10-01,23:00,76,75,1,NON,85,rain,0.07,OUI
Denver,2026-09-29 08:01:07,J+1,2026-09-30,07:00,55,55,0,NON,51,rain,0.04,OUI
Denver,2026-09-29 08:01:07,J+1,2026-09-30,08:00,55,55,0,NON,52,rain,0.05,OUI
Denver,2026-09-29 08:01:07,J+1,2026-09-30,09:00,57,55,2,NON,61,rain,0.06,OUI
Denver,2026-09-29 08:01:07,J+1,2026-09-30,10:00,57,57,0,NON,67,rain,0.07,OUI
Denver,2026-09-29 08:01:07,J+1,2026-09-30,11:00,58,57,1,NON,70,rain,0.04,OUI
Denver,2026-09-29 08:01:07,J+1,2026-09-30,12:00,58,58,0,NON,70,rain,0.05,OUI
Denver,2026-09-29 08:01:07,J+1,2026-09-30,13:00,59,58,1,NON,72,rain,0.07,OUI
Denver,2026-09-29 08:01:07,J+1,2026-09-30,14:00,59,59,0,NON,70,rain,0.09,OUI
Denver,2026-09-29 08:01:07,J+1,2026-09-30,15:00,58,59,-1,NON,64,rain,0.07,OUI
Denver,2026-09-29 08:01:07,J+1,2026-09-30,16:00,58,58,0,NON,63,rain,0.06,OUI
Denver,2026-09-29 08:01:07,J+1,2026-09-30,17:00,57,58,-1,NON,64,rain,0.06,OUI
Denver,2026-09-29 08:01:07,J+1,2026-09-30,18:00,57,57,0,NON,64,rain,0.06,OUI
Denver,2026-09-29 08:01:07,J+1,2026-09-30,19:00,54,57,-3,NON,62,rain,0.05,OUI
Denver,2026-09-29 08:01:07,J+1,2026-09-30,20:00,53,54,-1,NON,66,rain,0.03,OUI
Denver,2026-09-29 08:01:07,J+1,2026-09-30,21:00,53,53,0,NON,63,rain,0.03,OUI
Denver,2026-09-29 08:01:07,J+1,2026-09-30,22:00,54,53,1,NON,68,rain,0.04,OUI
Denver,2026-09-29 08:01:07,J+1,2026-09-30,23:00,53,54,-1,NON,68,rain,0.04,OUI
Denver,2026-09-29 08:01:07,J+2,2026-10-01,03:00,53,53,0,NON,51,rain,0.02,OUI
Chicago,2026-09-29 08:01:07,J+1,2026-09-30,08:00,65,64,1,NON,52,rain,0.04,OUI
Chicago,2026-09-29 08:01:07,J+1,2026-09-30,09:00,65,65,0,NON,69,rain,0.04,OUI
Chicago,2026-09-29 08:01:07,J+1,2026-09-30,10:00,65,65,0,NON,60,rain,0.03,OUI
Chicago,2026-09-29 08:01:07,J+1,2026-09-30,11:00,65,65,0,NON,74,rain,0.1,OUI
Chicago,2026-09-29 08:01:07,J+1,2026-09-30,12:00,66,65,1,NON,80,rain,0.08,OUI
Chicago,2026-09-29 08:01:07,J+1,2026-09-30,13:00,67,66,1,NON,74,rain,0.05,OUI
Chicago,2026-09-29 08:01:07,J+1,2026-09-30,14:00,68,67,1,NON,87,rain,0.07,OUI
Chicago,2026-09-29 08:01:07,J+1,2026-09-30,15:00,69,68,1,NON,69,rain,0.03,OUI
Chicago,2026-09-29 08:01:07,J+1,2026-09-30,16:00,69,69,0,NON,59,rain,0.02,OUI
Chicago,2026-09-29 08:01:07,J+1,2026-09-30,17:00,68,69,-1,NON,60,rain,0.03,OUI
Chicago,2026-09-29 08:01:07,J+1,2026-09-30,18:00,68,68,0,NON,64,rain,0.02,OUI
Chicago,2026-09-29 08:01:07,J+1,2026-09-30,20:00,67,68,-1,NON,55,rain,0.02,OUI
Chicago,2026-09-29 08:01:07,J+2,2026-10-01,01:00,69,68,1,NON,65,rain,0.02,OUI
Chicago,2026-09-29 08:01:07,J+2,2026-10-01,02:00,69,69,0,NON,66,rain,0.02,OUI
Chicago,2026-09-29 08:01:07,J+2,2026-10-01,03:00,68,69,-1,NON,56,rain,0.02,OUI
Chicago,2026-09-29 08:01:07,J+2,2026-10-01,05:00,68,68,0,NON,55,rain,0.03,OUI
Chicago,2026-09-29 08:01:07,J+2,2026-10-01,07:00,67,67,0,NON,76,rain,0.02,OUI
Chicago,2026-09-29 08:01:07,J+2,2026-10-01,08:00,67,67,0,NON,65,rain,0.02,OUI
Chicago,2026-09-29 08:01:07,J+2,2026-10-01,09:00,68,67,1,NON,70,rain,0.02,OUI
Chicago,2026-09-29 08:01:07,J+2,2026-10-01,10:00,68,68,0,NON,67,rain,0.03,OUI
Chicago,2026-09-29 08:01:07,J+2,2026-10-01,11:00,69,68,1,NON,67,rain,0.04,OUI
Chicago,2026-09-29 08:01:07,J+2,2026-10-01,12:00,71,69,2,NON,74,rain,0.04,OUI
Chicago,2026-09-29 08:01:07,J+2,2026-10-01,13:00,71,71,0,NON,73,rain,0.04,OUI
Chicago,2026-09-29 08:01:07,J+2,2026-10-01,14:00,71,71,0,NON,80,rain,0.04,OUI
Chicago,2026-09-29 08:01:07,J+2,2026-10-01,15:00,70,71,-1,NON,78,rain,0.05,OUI
Chicago,2026-09-29 08:01:07,J+2,2026-10-01,16:00,70,70,0,NON,85,rain,0.05,OUI
Chicago,2026-09-29 08:01:07,J+2,2026-10-01,17:00,68,70,-2,NON,90,rain,0.06,OUI
Chicago,2026-09-29 08:01:07,J+2,2026-10-01,18:00,67,68,-1,NON,99,rain,0.09,OUI
Chicago,2026-09-29 08:01:07,J+2,2026-10-01,19:00,65,67,-2,NON,97,rain,0.07,OUI
Chicago,2026-09-29 08:01:07,J+2,2026-10-01,20:00,64,65,-1,NON,92,rain,0.05,OUI
Chicago,2026-09-29 08:01:07,J+2,2026-10-01,21:00,64,64,0,NON,91,rain,0.05,OUI
Chicago,2026-09-29 08:01:07,J+2,2026-10-01,22:00,63,64,-1,NON,83,rain,0.04,OUI
Chicago,2026-09-29 08:01:07,J+2,2026-10-01,23:00,63,63,0,NON,84,rain,0.04,OUI
Houston,2026-09-29 08:01:07,J+0,2026-09-29,17:00,87,88,-1,NON,56,rain,0.02,OUI
