Station,Heure_requete,Jour,Date,Heure,Temperature,Temperature_precedente,Variation_temperature,Chute_plus_5C,Precipitation_probabilite,Precipitation_type,Pluie_mm,Pluie_prevue
Paris,2026-08-25 17:38:55,J+0,2026-08-25,18:00,28,,,NON,24,rain,0.0,OUI
Paris,2026-08-25 17:38:55,J+0,2026-08-25,19:00,27,28,-1,NON,43,rain,0.01,OUI
Paris,2026-08-25 17:38:55,J+0,2026-08-25,20:00,26,27,-1,NON,33,rain,0.02,OUI
Paris,2026-08-25 17:38:55,J+0,2026-08-25,21:00,23,26,-3,NON,17,rain,0.0,OUI
Paris,2026-08-25 17:38:55,J+0,2026-08-25,22:00,22,23,-1,NON,18,rain,0.0,OUI
Paris,2026-08-25 17:38:55,J+0,2026-08-25,23:00,21,22,-1,NON,15,rain,0.0,OUI
Paris,2026-08-25 17:38:55,J+1,2026-08-26,00:00,21,21,0,NON,12,rain,0.0,OUI
Paris,2026-08-25 17:38:55,J+1,2026-08-26,01:00,20,21,-1,NON,20,rain,0.0,OUI
Paris,2026-08-25 17:38:55,J+1,2026-08-26,02:00,20,20,0,NON,18,rain,0.0,OUI
Paris,2026-08-25 17:38:55,J+1,2026-08-26,03:00,19,20,-1,NON,11,rain,0.0,OUI
Paris,2026-08-25 17:38:55,J+1,2026-08-26,04:00,19,19,0,NON,9,rain,0.0,OUI
Paris,2026-08-25 17:38:55,J+1,2026-08-26,05:00,18,19,-1,NON,9,rain,0.0,OUI
Paris,2026-08-25 17:38:55,J+1,2026-08-26,06:00,18,18,0,NON,9,rain,0.0,OUI
Paris,2026-08-25 17:38:55,J+1,2026-08-26,07:00,18,18,0,NON,9,rain,0.0,OUI
Paris,2026-08-25 17:38:55,J+1,2026-08-26,08:00,18,18,0,NON,7,rain,0.0,OUI
Paris,2026-08-25 17:38:55,J+1,2026-08-26,09:00,20,18,2,NON,5,rain,0.0,OUI
Paris,2026-08-25 17:38:55,J+1,2026-08-26,10:00,22,20,2,NON,3,rain,0.0,OUI
Paris,2026-08-25 17:38:55,J+1,2026-08-26,11:00,23,22,1,NON,1,rain,0.0,OUI
Paris,2026-08-25 17:38:55,J+1,2026-08-26,12:00,25,23,2,NON,0,rain,0.0,OUI
Paris,2026-08-25 17:38:55,J+1,2026-08-26,13:00,26,25,1,NON,0,rain,0.0,OUI
Paris,2026-08-25 17:38:55,J+1,2026-08-26,14:00,27,26,1,NON,0,rain,0.0,OUI
Paris,2026-08-25 17:38:55,J+1,2026-08-26,15:00,28,27,1,NON,0,rain,0.0,OUI
Paris,2026-08-25 17:38:55,J+1,2026-08-26,16:00,29,28,1,NON,0,rain,0.0,OUI
Paris,2026-08-25 17:38:55,J+1,2026-08-26,17:00,29,29,0,NON,0,rain,0.0,OUI
Paris,2026-08-25 17:38:55,J+1,2026-08-26,18:00,29,29,0,NON,0,rain,0.0,OUI
Paris,2026-08-25 17:38:55,J+1,2026-08-26,19:00,28,29,-1,NON,0,rain,0.0,OUI
Paris,2026-08-25 17:38:55,J+1,2026-08-26,20:00,28,28,0,NON,2,rain,0.0,OUI
Paris,2026-08-25 17:38:55,J+1,2026-08-26,21:00,27,28,-1,NON,17,rain,0.0,OUI
Paris,2026-08-25 17:38:55,J+1,2026-08-26,22:00,26,27,-1,NON,18,rain,0.0,OUI
Paris,2026-08-25 17:38:55,J+1,2026-08-26,23:00,24,26,-2,NON,35,rain,0.69,OUI
Paris,2026-08-25 17:38:55,J+2,2026-08-27,00:00,24,24,0,NON,67,rain,1.87,OUI
Paris,2026-08-25 17:38:55,J+2,2026-08-27,01:00,23,24,-1,NON,54,rain,0.62,OUI
Paris,2026-08-25 17:38:55,J+2,2026-08-27,02:00,22,23,-1,NON,42,rain,0.5,OUI
Paris,2026-08-25 17:38:55,J+2,2026-08-27,03:00,22,22,0,NON,21,rain,0.0,OUI
Paris,2026-08-25 17:38:55,J+2,2026-08-27,04:00,21,22,-1,NON,32,rain,0.2,OUI
Paris,2026-08-25 17:38:55,J+2,2026-08-27,05:00,21,21,0,NON,20,rain,0.0,OUI
Paris,2026-08-25 17:38:55,J+2,2026-08-27,06:00,20,21,-1,NON,20,rain,0.0,OUI
Paris,2026-08-25 17:38:55,J+2,2026-08-27,07:00,19,20,-1,NON,11,rain,0.0,OUI
Paris,2026-08-25 17:38:55,J+2,2026-08-27,08:00,20,19,1,NON,8,rain,0.0,OUI
Paris,2026-08-25 17:38:55,J+2,2026-08-27,09:00,21,20,1,NON,7,rain,0.0,OUI
Paris,2026-08-25 17:38:55,J+2,2026-08-27,10:00,23,21,2,NON,5,rain,0.0,OUI
Paris,2026-08-25 17:38:55,J+2,2026-08-27,11:00,24,23,1,NON,3,rain,0.0,OUI
Paris,2026-08-25 17:38:55,J+2,2026-08-27,12:00,25,24,1,NON,1,rain,0.0,OUI
Paris,2026-08-25 17:38:55,J+2,2026-08-27,13:00,26,25,1,NON,4,rain,0.0,OUI
Paris,2026-08-25 17:38:55,J+2,2026-08-27,14:00,26,26,0,NON,33,rain,0.25,OUI
Paris,2026-08-25 17:38:55,J+2,2026-08-27,15:00,26,26,0,NON,24,rain,0.0,OUI
Paris,2026-08-25 17:38:55,J+2,2026-08-27,16:00,26,26,0,NON,24,rain,0.0,OUI
Paris,2026-08-25 17:38:55,J+2,2026-08-27,17:00,26,26,0,NON,23,rain,0.0,OUI
Paris,2026-08-25 17:38:55,J+2,2026-08-27,18:00,25,26,-1,NON,34,rain,0.2,OUI
Paris,2026-08-25 17:38:55,J+2,2026-08-27,19:00,24,25,-1,NON,52,rain,0.48,OUI
Paris,2026-08-25 17:38:55,J+2,2026-08-27,20:00,22,24,-2,NON,47,rain,0.3,OUI
Paris,2026-08-25 17:38:55,J+2,2026-08-27,21:00,22,22,0,NON,37,rain,0.2,OUI
Paris,2026-08-25 17:38:55,J+2,2026-08-27,22:00,21,22,-1,NON,32,rain,0.2,OUI
Paris,2026-08-25 17:38:55,J+2,2026-08-27,23:00,20,21,-1,NON,30,rain,0.2,OUI
Londres,2026-08-25 17:38:55,J+0,2026-08-25,17:00,24,,,NON,0,rain,0.0,OUI
Londres,2026-08-25 17:38:55,J+0,2026-08-25,18:00,23,24,-1,NON,0,rain,0.0,OUI
Londres,2026-08-25 17:38:55,J+0,2026-08-25,19:00,22,23,-1,NON,1,rain,0.0,OUI
Londres,2026-08-25 17:38:55,J+0,2026-08-25,20:00,21,22,-1,NON,1,rain,0.0,OUI
Londres,2026-08-25 17:38:55,J+0,2026-08-25,21:00,20,21,-1,NON,1,rain,0.0,OUI
Londres,2026-08-25 17:38:55,J+0,2026-08-25,22:00,20,20,0,NON,2,rain,0.0,OUI
Londres,2026-08-25 17:38:55,J+0,2026-08-25,23:00,20,20,0,NON,2,rain,0.0,OUI
Londres,2026-08-25 17:38:55,J+1,2026-08-26,00:00,20,20,0,NON,4,rain,0.0,OUI
Londres,2026-08-25 17:38:55,J+1,2026-08-26,01:00,20,20,0,NON,8,rain,0.0,OUI
Londres,2026-08-25 17:38:55,J+1,2026-08-26,02:00,20,20,0,NON,16,rain,0.0,OUI
Londres,2026-08-25 17:38:55,J+1,2026-08-26,03:00,19,20,-1,NON,15,rain,0.0,OUI
Londres,2026-08-25 17:38:55,J+1,2026-08-26,04:00,19,19,0,NON,35,rain,0.1,OUI
Londres,2026-08-25 17:38:55,J+1,2026-08-26,05:00,19,19,0,NON,51,rain,0.6,OUI
Londres,2026-08-25 17:38:55,J+1,2026-08-26,06:00,18,19,-1,NON,48,rain,0.5,OUI
Londres,2026-08-25 17:38:55,J+1,2026-08-26,07:00,18,18,0,NON,43,rain,0.3,OUI
Londres,2026-08-25 17:38:55,J+1,2026-08-26,08:00,19,18,1,NON,34,rain,0.1,OUI
Londres,2026-08-25 17:38:55,J+1,2026-08-26,09:00,20,19,1,NON,23,rain,0.0,OUI
Londres,2026-08-25 17:38:55,J+1,2026-08-26,10:00,21,20,1,NON,24,rain,0.0,OUI
Londres,2026-08-25 17:38:55,J+1,2026-08-26,11:00,22,21,1,NON,36,rain,0.3,OUI
Londres,2026-08-25 17:38:55,J+1,2026-08-26,12:00,23,22,1,NON,34,rain,0.2,OUI
Londres,2026-08-25 17:38:55,J+1,2026-08-26,13:00,24,23,1,NON,19,rain,0.0,OUI
Londres,2026-08-25 17:38:55,J+1,2026-08-26,14:00,24,24,0,NON,20,rain,0.0,OUI
Londres,2026-08-25 17:38:55,J+1,2026-08-26,15:00,25,24,1,NON,21,rain,0.0,OUI
Londres,2026-08-25 17:38:55,J+1,2026-08-26,16:00,25,25,0,NON,12,rain,0.0,OUI
Londres,2026-08-25 17:38:55,J+1,2026-08-26,17:00,25,25,0,NON,11,rain,0.0,OUI
Londres,2026-08-25 17:38:55,J+1,2026-08-26,18:00,25,25,0,NON,4,rain,0.0,OUI
Londres,2026-08-25 17:38:55,J+1,2026-08-26,19:00,24,25,-1,NON,1,rain,0.0,OUI
Londres,2026-08-25 17:38:55,J+1,2026-08-26,20:00,23,24,-1,NON,1,rain,0.0,OUI
Londres,2026-08-25 17:38:55,J+1,2026-08-26,21:00,22,23,-1,NON,2,rain,0.0,OUI
Londres,2026-08-25 17:38:55,J+1,2026-08-26,22:00,21,22,-1,NON,2,rain,0.0,OUI
Londres,2026-08-25 17:38:55,J+1,2026-08-26,23:00,21,21,0,NON,3,rain,0.0,OUI
Londres,2026-08-25 17:38:55,J+2,2026-08-27,00:00,20,21,-1,NON,5,rain,0.0,OUI
Londres,2026-08-25 17:38:55,J+2,2026-08-27,01:00,20,20,0,NON,17,rain,0.0,OUI
Londres,2026-08-25 17:38:55,J+2,2026-08-27,02:00,20,20,0,NON,60,rain,1.8,OUI
Londres,2026-08-25 17:38:55,J+2,2026-08-27,03:00,20,20,0,NON,71,rain,1.83,OUI
Londres,2026-08-25 17:38:55,J+2,2026-08-27,04:00,20,20,0,NON,51,rain,0.5,OUI
Londres,2026-08-25 17:38:55,J+2,2026-08-27,05:00,20,20,0,NON,70,rain,1.3,OUI
Londres,2026-08-25 17:38:55,J+2,2026-08-27,06:00,20,20,0,NON,51,rain,1.22,OUI
Londres,2026-08-25 17:38:55,J+2,2026-08-27,07:00,20,20,0,NON,35,rain,0.1,OUI
Londres,2026-08-25 17:38:55,J+2,2026-08-27,08:00,20,20,0,NON,23,rain,0.0,OUI
Londres,2026-08-25 17:38:55,J+2,2026-08-27,09:00,21,20,1,NON,19,rain,0.0,OUI
Londres,2026-08-25 17:38:55,J+2,2026-08-27,10:00,22,21,1,NON,23,rain,0.0,OUI
Londres,2026-08-25 17:38:55,J+2,2026-08-27,11:00,22,22,0,NON,17,rain,0.0,OUI
Londres,2026-08-25 17:38:55,J+2,2026-08-27,12:00,23,22,1,NON,15,rain,0.0,OUI
Londres,2026-08-25 17:38:55,J+2,2026-08-27,13:00,24,23,1,NON,4,rain,0.0,OUI
Londres,2026-08-25 17:38:55,J+2,2026-08-27,14:00,24,24,0,NON,6,rain,0.0,OUI
Londres,2026-08-25 17:38:55,J+2,2026-08-27,15:00,24,24,0,NON,5,rain,0.0,OUI
Londres,2026-08-25 17:38:55,J+2,2026-08-27,16:00,24,24,0,NON,3,rain,0.0,OUI
Londres,2026-08-25 17:38:55,J+2,2026-08-27,17:00,24,24,0,NON,3,rain,0.0,OUI
Londres,2026-08-25 17:38:55,J+2,2026-08-27,18:00,23,24,-1,NON,3,rain,0.0,OUI
Londres,2026-08-25 17:38:55,J+2,2026-08-27,19:00,22,23,-1,NON,6,rain,0.0,OUI
Londres,2026-08-25 17:38:55,J+2,2026-08-27,20:00,21,22,-1,NON,7,rain,0.0,OUI
Londres,2026-08-25 17:38:55,J+2,2026-08-27,21:00,20,21,-1,NON,8,rain,0.0,OUI
Londres,2026-08-25 17:38:55,J+2,2026-08-27,22:00,19,20,-1,NON,11,rain,0.0,OUI
Londres,2026-08-25 17:38:55,J+2,2026-08-27,23:00,19,19,0,NON,11,rain,0.0,OUI
Madrid,2026-08-25 17:38:55,J+0,2026-08-25,18:00,28,,,NON,0,rain,0.0,OUI
Madrid,2026-08-25 17:38:55,J+0,2026-08-25,19:00,28,28,0,NON,0,rain,0.0,OUI
Madrid,2026-08-25 17:38:55,J+0,2026-08-25,20:00,27,28,-1,NON,0,rain,0.0,OUI
Madrid,2026-08-25 17:38:55,J+0,2026-08-25,21:00,26,27,-1,NON,0,rain,0.0,OUI
Madrid,2026-08-25 17:38:55,J+0,2026-08-25,22:00,25,26,-1,NON,0,rain,0.0,OUI
Madrid,2026-08-25 17:38:55,J+0,2026-08-25,23:00,25,25,0,NON,0,rain,0.0,OUI
Madrid,2026-08-25 17:38:55,J+1,2026-08-26,00:00,23,25,-2,NON,0,rain,0.0,OUI
Madrid,2026-08-25 17:38:55,J+1,2026-08-26,01:00,21,23,-2,NON,0,rain,0.0,OUI
Madrid,2026-08-25 17:38:55,J+1,2026-08-26,02:00,20,21,-1,NON,0,rain,0.0,OUI
Madrid,2026-08-25 17:38:55,J+1,2026-08-26,03:00,19,20,-1,NON,0,rain,0.0,OUI
Madrid,2026-08-25 17:38:55,J+1,2026-08-26,04:00,19,19,0,NON,0,rain,0.0,OUI
Madrid,2026-08-25 17:38:55,J+1,2026-08-26,05:00,18,19,-1,NON,0,rain,0.0,OUI
Madrid,2026-08-25 17:38:55,J+1,2026-08-26,06:00,17,18,-1,NON,1,rain,0.0,OUI
Madrid,2026-08-25 17:38:55,J+1,2026-08-26,07:00,17,17,0,NON,1,rain,0.0,OUI
Madrid,2026-08-25 17:38:55,J+1,2026-08-26,08:00,17,17,0,NON,1,rain,0.0,OUI
Madrid,2026-08-25 17:38:55,J+1,2026-08-26,09:00,19,17,2,NON,0,rain,0.0,OUI
Madrid,2026-08-25 17:38:55,J+1,2026-08-26,10:00,21,19,2,NON,0,rain,0.0,OUI
Madrid,2026-08-25 17:38:55,J+1,2026-08-26,11:00,23,21,2,NON,0,rain,0.0,OUI
Madrid,2026-08-25 17:38:55,J+1,2026-08-26,12:00,25,23,2,NON,0,rain,0.0,OUI
Madrid,2026-08-25 17:38:55,J+1,2026-08-26,13:00,26,25,1,NON,0,rain,0.0,OUI
Madrid,2026-08-25 17:38:55,J+1,2026-08-26,14:00,27,26,1,NON,0,rain,0.0,OUI
Madrid,2026-08-25 17:38:55,J+1,2026-08-26,15:00,28,27,1,NON,0,rain,0.0,OUI
Madrid,2026-08-25 17:38:55,J+1,2026-08-26,16:00,29,28,1,NON,0,rain,0.0,OUI
Madrid,2026-08-25 17:38:55,J+1,2026-08-26,17:00,29,29,0,NON,0,rain,0.0,OUI
Madrid,2026-08-25 17:38:55,J+1,2026-08-26,18:00,28,29,-1,NON,0,rain,0.0,OUI
Madrid,2026-08-25 17:38:55,J+1,2026-08-26,19:00,27,28,-1,NON,0,rain,0.0,OUI
Madrid,2026-08-25 17:38:55,J+1,2026-08-26,20:00,26,27,-1,NON,0,rain,0.0,OUI
Madrid,2026-08-25 17:38:55,J+1,2026-08-26,21:00,25,26,-1,NON,0,rain,0.0,OUI
Madrid,2026-08-25 17:38:55,J+1,2026-08-26,22:00,24,25,-1,NON,0,rain,0.0,OUI
Madrid,2026-08-25 17:38:55,J+1,2026-08-26,23:00,23,24,-1,NON,0,rain,0.0,OUI
Madrid,2026-08-25 17:38:55,J+2,2026-08-27,00:00,22,23,-1,NON,0,rain,0.0,OUI
Madrid,2026-08-25 17:38:55,J+2,2026-08-27,01:00,21,22,-1,NON,1,rain,0.0,OUI
Madrid,2026-08-25 17:38:55,J+2,2026-08-27,02:00,20,21,-1,NON,3,rain,0.0,OUI
Madrid,2026-08-25 17:38:55,J+2,2026-08-27,03:00,20,20,0,NON,5,rain,0.0,OUI
Madrid,2026-08-25 17:38:55,J+2,2026-08-27,04:00,19,20,-1,NON,6,rain,0.0,OUI
Madrid,2026-08-25 17:38:55,J+2,2026-08-27,05:00,19,19,0,NON,10,rain,0.0,OUI
Madrid,2026-08-25 17:38:55,J+2,2026-08-27,06:00,18,19,-1,NON,20,rain,0.0,OUI
Madrid,2026-08-25 17:38:55,J+2,2026-08-27,07:00,18,18,0,NON,24,rain,0.0,OUI
Madrid,2026-08-25 17:38:55,J+2,2026-08-27,08:00,18,18,0,NON,22,rain,0.0,OUI
Madrid,2026-08-25 17:38:55,J+2,2026-08-27,09:00,18,18,0,NON,22,rain,0.0,OUI
Madrid,2026-08-25 17:38:55,J+2,2026-08-27,10:00,19,18,1,NON,16,rain,0.0,OUI
Madrid,2026-08-25 17:38:55,J+2,2026-08-27,11:00,20,19,1,NON,17,rain,0.0,OUI
Madrid,2026-08-25 17:38:55,J+2,2026-08-27,12:00,21,20,1,NON,7,rain,0.0,OUI
Madrid,2026-08-25 17:38:55,J+2,2026-08-27,13:00,22,21,1,NON,1,rain,0.0,OUI
Madrid,2026-08-25 17:38:55,J+2,2026-08-27,14:00,22,22,0,NON,0,rain,0.0,OUI
Madrid,2026-08-25 17:38:55,J+2,2026-08-27,15:00,22,22,0,NON,0,rain,0.0,OUI
Madrid,2026-08-25 17:38:55,J+2,2026-08-27,16:00,23,22,1,NON,0,rain,0.0,OUI
Madrid,2026-08-25 17:38:55,J+2,2026-08-27,17:00,23,23,0,NON,1,rain,0.0,OUI
Madrid,2026-08-25 17:38:55,J+2,2026-08-27,18:00,23,23,0,NON,1,rain,0.0,OUI
Madrid,2026-08-25 17:38:55,J+2,2026-08-27,19:00,22,23,-1,NON,1,rain,0.0,OUI
Madrid,2026-08-25 17:38:55,J+2,2026-08-27,20:00,22,22,0,NON,0,rain,0.0,OUI
Madrid,2026-08-25 17:38:55,J+2,2026-08-27,21:00,21,22,-1,NON,0,rain,0.0,OUI
Madrid,2026-08-25 17:38:55,J+2,2026-08-27,22:00,20,21,-1,NON,0,rain,0.0,OUI
Madrid,2026-08-25 17:38:55,J+2,2026-08-27,23:00,20,20,0,NON,0,rain,0.0,OUI
Milan,2026-08-25 17:38:55,J+0,2026-08-25,18:00,28,,,NON,1,rain,0.0,OUI
Milan,2026-08-25 17:38:55,J+0,2026-08-25,19:00,28,28,0,NON,1,rain,0.0,OUI
Milan,2026-08-25 17:38:55,J+0,2026-08-25,20:00,27,28,-1,NON,2,rain,0.0,OUI
Milan,2026-08-25 17:38:55,J+0,2026-08-25,21:00,24,27,-3,NON,2,rain,0.0,OUI
Milan,2026-08-25 17:38:55,J+0,2026-08-25,22:00,23,24,-1,NON,2,rain,0.0,OUI
Milan,2026-08-25 17:38:55,J+0,2026-08-25,23:00,21,23,-2,NON,2,rain,0.0,OUI
Milan,2026-08-25 17:38:55,J+1,2026-08-26,00:00,20,21,-1,NON,3,rain,0.0,OUI
Milan,2026-08-25 17:38:55,J+1,2026-08-26,01:00,20,20,0,NON,7,rain,0.0,OUI
Milan,2026-08-25 17:38:55,J+1,2026-08-26,02:00,20,20,0,NON,7,rain,0.0,OUI
Milan,2026-08-25 17:38:55,J+1,2026-08-26,03:00,20,20,0,NON,7,rain,0.0,OUI
Milan,2026-08-25 17:38:55,J+1,2026-08-26,04:00,19,20,-1,NON,7,rain,0.0,OUI
Milan,2026-08-25 17:38:55,J+1,2026-08-26,05:00,19,19,0,NON,7,rain,0.0,OUI
Milan,2026-08-25 17:38:55,J+1,2026-08-26,06:00,19,19,0,NON,7,rain,0.0,OUI
Milan,2026-08-25 17:38:55,J+1,2026-08-26,07:00,19,19,0,NON,7,rain,0.0,OUI
Milan,2026-08-25 17:38:55,J+1,2026-08-26,08:00,21,19,2,NON,24,rain,0.0,OUI
Milan,2026-08-25 17:38:55,J+1,2026-08-26,09:00,22,21,1,NON,19,rain,0.0,OUI
Milan,2026-08-25 17:38:55,J+1,2026-08-26,10:00,24,22,2,NON,3,rain,0.0,OUI
Milan,2026-08-25 17:38:55,J+1,2026-08-26,11:00,25,24,1,NON,8,rain,0.0,OUI
Milan,2026-08-25 17:38:55,J+1,2026-08-26,12:00,26,25,1,NON,18,rain,0.0,OUI
Milan,2026-08-25 17:38:55,J+1,2026-08-26,13:00,27,26,1,NON,6,rain,0.0,OUI
Milan,2026-08-25 17:38:55,J+1,2026-08-26,14:00,28,27,1,NON,1,rain,0.0,OUI
Milan,2026-08-25 17:38:55,J+1,2026-08-26,15:00,28,28,0,NON,0,rain,0.0,OUI
Milan,2026-08-25 17:38:55,J+1,2026-08-26,16:00,29,28,1,NON,5,rain,0.0,OUI
Milan,2026-08-25 17:38:55,J+1,2026-08-26,17:00,28,29,-1,NON,2,rain,0.0,OUI
Milan,2026-08-25 17:38:55,J+1,2026-08-26,18:00,28,28,0,NON,3,rain,0.0,OUI
Milan,2026-08-25 17:38:55,J+1,2026-08-26,19:00,28,28,0,NON,6,rain,0.0,OUI
Milan,2026-08-25 17:38:55,J+1,2026-08-26,20:00,27,28,-1,NON,3,rain,0.0,OUI
Milan,2026-08-25 17:38:55,J+1,2026-08-26,21:00,26,27,-1,NON,4,rain,0.0,OUI
Milan,2026-08-25 17:38:55,J+1,2026-08-26,22:00,25,26,-1,NON,4,rain,0.0,OUI
Milan,2026-08-25 17:38:55,J+1,2026-08-26,23:00,23,25,-2,NON,5,rain,0.0,OUI
Milan,2026-08-25 17:38:55,J+2,2026-08-27,00:00,22,23,-1,NON,6,rain,0.0,OUI
Milan,2026-08-25 17:38:55,J+2,2026-08-27,01:00,22,22,0,NON,6,rain,0.0,OUI
Milan,2026-08-25 17:38:55,J+2,2026-08-27,02:00,22,22,0,NON,6,rain,0.0,OUI
Milan,2026-08-25 17:38:55,J+2,2026-08-27,03:00,22,22,0,NON,6,rain,0.0,OUI
Milan,2026-08-25 17:38:55,J+2,2026-08-27,04:00,21,22,-1,NON,6,rain,0.0,OUI
Milan,2026-08-25 17:38:55,J+2,2026-08-27,05:00,22,21,1,NON,5,rain,0.0,OUI
Milan,2026-08-25 17:38:55,J+2,2026-08-27,06:00,21,22,-1,NON,5,rain,0.0,OUI
Milan,2026-08-25 17:38:55,J+2,2026-08-27,07:00,21,21,0,NON,6,rain,0.0,OUI
Milan,2026-08-25 17:38:55,J+2,2026-08-27,08:00,23,21,2,NON,6,rain,0.0,OUI
Milan,2026-08-25 17:38:55,J+2,2026-08-27,09:00,24,23,1,NON,5,rain,0.0,OUI
Milan,2026-08-25 17:38:55,J+2,2026-08-27,10:00,25,24,1,NON,4,rain,0.0,OUI
Milan,2026-08-25 17:38:55,J+2,2026-08-27,11:00,26,25,1,NON,11,rain,0.0,OUI
Milan,2026-08-25 17:38:55,J+2,2026-08-27,12:00,27,26,1,NON,4,rain,0.0,OUI
Milan,2026-08-25 17:38:55,J+2,2026-08-27,13:00,28,27,1,NON,3,rain,0.0,OUI
Milan,2026-08-25 17:38:55,J+2,2026-08-27,14:00,29,28,1,NON,1,rain,0.0,OUI
Milan,2026-08-25 17:38:55,J+2,2026-08-27,15:00,29,29,0,NON,2,rain,0.0,OUI
Milan,2026-08-25 17:38:55,J+2,2026-08-27,16:00,29,29,0,NON,2,rain,0.0,OUI
Milan,2026-08-25 17:38:55,J+2,2026-08-27,17:00,30,29,1,NON,2,rain,0.0,OUI
Milan,2026-08-25 17:38:55,J+2,2026-08-27,18:00,30,30,0,NON,11,rain,0.0,OUI
Milan,2026-08-25 17:38:55,J+2,2026-08-27,19:00,29,30,-1,NON,7,rain,0.0,OUI
Milan,2026-08-25 17:38:55,J+2,2026-08-27,20:00,28,29,-1,NON,11,rain,0.0,OUI
Milan,2026-08-25 17:38:55,J+2,2026-08-27,21:00,27,28,-1,NON,16,rain,0.0,OUI
Milan,2026-08-25 17:38:55,J+2,2026-08-27,22:00,25,27,-2,NON,18,rain,0.0,OUI
Milan,2026-08-25 17:38:55,J+2,2026-08-27,23:00,24,25,-1,NON,16,rain,0.0,OUI
Munich,2026-08-25 17:38:55,J+0,2026-08-25,18:00,17,,,NON,19,rain,0.0,OUI
Munich,2026-08-25 17:38:55,J+0,2026-08-25,19:00,17,17,0,NON,2,rain,0.0,OUI
Munich,2026-08-25 17:38:55,J+0,2026-08-25,20:00,17,17,0,NON,2,rain,0.0,OUI
Munich,2026-08-25 17:38:55,J+0,2026-08-25,21:00,16,17,-1,NON,3,rain,0.0,OUI
Munich,2026-08-25 17:38:55,J+0,2026-08-25,22:00,15,16,-1,NON,3,rain,0.0,OUI
Munich,2026-08-25 17:38:55,J+0,2026-08-25,23:00,14,15,-1,NON,3,rain,0.0,OUI
Munich,2026-08-25 17:38:55,J+1,2026-08-26,00:00,13,14,-1,NON,4,rain,0.0,OUI
Munich,2026-08-25 17:38:55,J+1,2026-08-26,01:00,13,13,0,NON,9,rain,0.0,OUI
Munich,2026-08-25 17:38:55,J+1,2026-08-26,02:00,12,13,-1,NON,9,rain,0.0,OUI
Munich,2026-08-25 17:38:55,J+1,2026-08-26,03:00,13,12,1,NON,9,rain,0.0,OUI
Munich,2026-08-25 17:38:55,J+1,2026-08-26,04:00,12,13,-1,NON,9,rain,0.0,OUI
Munich,2026-08-25 17:38:55,J+1,2026-08-26,05:00,12,12,0,NON,9,rain,0.0,OUI
Munich,2026-08-25 17:38:55,J+1,2026-08-26,06:00,12,12,0,NON,21,rain,0.0,OUI
Munich,2026-08-25 17:38:55,J+1,2026-08-26,07:00,13,12,1,NON,21,rain,0.0,OUI
Munich,2026-08-25 17:38:55,J+1,2026-08-26,08:00,15,13,2,NON,22,rain,0.0,OUI
Munich,2026-08-25 17:38:55,J+1,2026-08-26,09:00,16,15,1,NON,21,rain,0.0,OUI
Munich,2026-08-25 17:38:55,J+1,2026-08-26,10:00,18,16,2,NON,8,rain,0.0,OUI
Munich,2026-08-25 17:38:55,J+1,2026-08-26,11:00,20,18,2,NON,5,rain,0.0,OUI
Munich,2026-08-25 17:38:55,J+1,2026-08-26,12:00,22,20,2,NON,3,rain,0.0,OUI
Munich,2026-08-25 17:38:55,J+1,2026-08-26,13:00,24,22,2,NON,2,rain,0.0,OUI
Munich,2026-08-25 17:38:55,J+1,2026-08-26,14:00,25,24,1,NON,0,rain,0.0,OUI
Munich,2026-08-25 17:38:55,J+1,2026-08-26,15:00,26,25,1,NON,0,rain,0.0,OUI
Munich,2026-08-25 17:38:55,J+1,2026-08-26,16:00,26,26,0,NON,0,rain,0.0,OUI
Munich,2026-08-25 17:38:55,J+1,2026-08-26,17:00,26,26,0,NON,0,rain,0.0,OUI
Munich,2026-08-25 17:38:55,J+1,2026-08-26,18:00,26,26,0,NON,0,rain,0.0,OUI
Munich,2026-08-25 17:38:55,J+1,2026-08-26,19:00,25,26,-1,NON,1,rain,0.0,OUI
Munich,2026-08-25 17:38:55,J+1,2026-08-26,20:00,24,25,-1,NON,4,rain,0.0,OUI
Munich,2026-08-25 17:38:55,J+1,2026-08-26,21:00,22,24,-2,NON,3,rain,0.0,OUI
Munich,2026-08-25 17:38:55,J+1,2026-08-26,22:00,20,22,-2,NON,3,rain,0.0,OUI
Munich,2026-08-25 17:38:55,J+1,2026-08-26,23:00,19,20,-1,NON,4,rain,0.0,OUI
Munich,2026-08-25 17:38:55,J+2,2026-08-27,00:00,19,19,0,NON,5,rain,0.0,OUI
Munich,2026-08-25 17:38:55,J+2,2026-08-27,01:00,18,19,-1,NON,5,rain,0.0,OUI
Munich,2026-08-25 17:38:55,J+2,2026-08-27,02:00,17,18,-1,NON,6,rain,0.0,OUI
Munich,2026-08-25 17:38:55,J+2,2026-08-27,03:00,16,17,-1,NON,7,rain,0.0,OUI
Munich,2026-08-25 17:38:55,J+2,2026-08-27,04:00,15,16,-1,NON,7,rain,0.0,OUI
Munich,2026-08-25 17:38:55,J+2,2026-08-27,05:00,15,15,0,NON,7,rain,0.0,OUI
Munich,2026-08-25 17:38:55,J+2,2026-08-27,06:00,14,15,-1,NON,8,rain,0.0,OUI
Munich,2026-08-25 17:38:55,J+2,2026-08-27,07:00,14,14,0,NON,8,rain,0.0,OUI
Munich,2026-08-25 17:38:55,J+2,2026-08-27,08:00,17,14,3,NON,6,rain,0.0,OUI
Munich,2026-08-25 17:38:55,J+2,2026-08-27,09:00,20,17,3,NON,4,rain,0.0,OUI
Munich,2026-08-25 17:38:55,J+2,2026-08-27,10:00,22,20,2,NON,2,rain,0.0,OUI
Munich,2026-08-25 17:38:55,J+2,2026-08-27,11:00,24,22,2,NON,1,rain,0.0,OUI
Munich,2026-08-25 17:38:55,J+2,2026-08-27,12:00,26,24,2,NON,1,rain,0.0,OUI
Munich,2026-08-25 17:38:55,J+2,2026-08-27,13:00,27,26,1,NON,0,rain,0.0,OUI
Munich,2026-08-25 17:38:55,J+2,2026-08-27,14:00,28,27,1,NON,0,rain,0.0,OUI
Munich,2026-08-25 17:38:55,J+2,2026-08-27,15:00,29,28,1,NON,0,rain,0.0,OUI
Munich,2026-08-25 17:38:55,J+2,2026-08-27,16:00,29,29,0,NON,0,rain,0.0,OUI
Munich,2026-08-25 17:38:55,J+2,2026-08-27,17:00,29,29,0,NON,0,rain,0.0,OUI
Munich,2026-08-25 17:38:55,J+2,2026-08-27,18:00,29,29,0,NON,0,rain,0.0,OUI
Munich,2026-08-25 17:38:55,J+2,2026-08-27,19:00,28,29,-1,NON,1,rain,0.0,OUI
Munich,2026-08-25 17:38:55,J+2,2026-08-27,20:00,27,28,-1,NON,1,rain,0.0,OUI
Munich,2026-08-25 17:38:55,J+2,2026-08-27,21:00,25,27,-2,NON,1,rain,0.0,OUI
Munich,2026-08-25 17:38:55,J+2,2026-08-27,22:00,23,25,-2,NON,2,rain,0.0,OUI
Munich,2026-08-25 17:38:55,J+2,2026-08-27,23:00,23,23,0,NON,2,rain,0.0,OUI
Amsterdam,2026-08-25 17:38:55,J+0,2026-08-25,18:00,24,,,NON,0,rain,0.0,OUI
Amsterdam,2026-08-25 17:38:55,J+0,2026-08-25,19:00,24,24,0,NON,0,rain,0.0,OUI
Amsterdam,2026-08-25 17:38:55,J+0,2026-08-25,20:00,22,24,-2,NON,0,rain,0.0,OUI
Amsterdam,2026-08-25 17:38:55,J+0,2026-08-25,21:00,21,22,-1,NON,0,rain,0.0,OUI
Amsterdam,2026-08-25 17:38:55,J+0,2026-08-25,22:00,20,21,-1,NON,1,rain,0.0,OUI
Amsterdam,2026-08-25 17:38:55,J+0,2026-08-25,23:00,19,20,-1,NON,1,rain,0.0,OUI
Amsterdam,2026-08-25 17:38:55,J+1,2026-08-26,00:00,18,19,-1,NON,1,rain,0.0,OUI
Amsterdam,2026-08-25 17:38:55,J+1,2026-08-26,01:00,17,18,-1,NON,1,rain,0.0,OUI
Amsterdam,2026-08-25 17:38:55,J+1,2026-08-26,02:00,17,17,0,NON,2,rain,0.0,OUI
Amsterdam,2026-08-25 17:38:55,J+1,2026-08-26,03:00,16,17,-1,NON,3,rain,0.0,OUI
Amsterdam,2026-08-25 17:38:55,J+1,2026-08-26,04:00,16,16,0,NON,3,rain,0.0,OUI
Amsterdam,2026-08-25 17:38:55,J+1,2026-08-26,05:00,15,16,-1,NON,4,rain,0.0,OUI
Amsterdam,2026-08-25 17:38:55,J+1,2026-08-26,06:00,15,15,0,NON,4,rain,0.0,OUI
Amsterdam,2026-08-25 17:38:55,J+1,2026-08-26,07:00,15,15,0,NON,5,rain,0.0,OUI
Amsterdam,2026-08-25 17:38:55,J+1,2026-08-26,08:00,16,15,1,NON,4,rain,0.0,OUI
Amsterdam,2026-08-25 17:38:55,J+1,2026-08-26,09:00,18,16,2,NON,3,rain,0.0,OUI
Amsterdam,2026-08-25 17:38:55,J+1,2026-08-26,10:00,19,18,1,NON,3,rain,0.0,OUI
Amsterdam,2026-08-25 17:38:55,J+1,2026-08-26,11:00,20,19,1,NON,1,rain,0.0,OUI
Amsterdam,2026-08-25 17:38:55,J+1,2026-08-26,12:00,21,20,1,NON,1,rain,0.0,OUI
Amsterdam,2026-08-25 17:38:55,J+1,2026-08-26,13:00,22,21,1,NON,0,rain,0.0,OUI
Amsterdam,2026-08-25 17:38:55,J+1,2026-08-26,14:00,23,22,1,NON,1,rain,0.0,OUI
Amsterdam,2026-08-25 17:38:55,J+1,2026-08-26,15:00,23,23,0,NON,1,rain,0.0,OUI
Amsterdam,2026-08-25 17:38:55,J+1,2026-08-26,16:00,24,23,1,NON,1,rain,0.0,OUI
Amsterdam,2026-08-25 17:38:55,J+1,2026-08-26,17:00,24,24,0,NON,1,rain,0.0,OUI
Amsterdam,2026-08-25 17:38:55,J+1,2026-08-26,18:00,24,24,0,NON,1,rain,0.0,OUI
Amsterdam,2026-08-25 17:38:55,J+1,2026-08-26,19:00,24,24,0,NON,1,rain,0.0,OUI
Amsterdam,2026-08-25 17:38:55,J+1,2026-08-26,20:00,23,24,-1,NON,1,rain,0.0,OUI
Amsterdam,2026-08-25 17:38:55,J+1,2026-08-26,21:00,22,23,-1,NON,1,rain,0.0,OUI
Amsterdam,2026-08-25 17:38:55,J+1,2026-08-26,22:00,21,22,-1,NON,2,rain,0.0,OUI
Amsterdam,2026-08-25 17:38:55,J+1,2026-08-26,23:00,20,21,-1,NON,2,rain,0.0,OUI
Amsterdam,2026-08-25 17:38:55,J+2,2026-08-27,00:00,20,20,0,NON,2,rain,0.0,OUI
Amsterdam,2026-08-25 17:38:55,J+2,2026-08-27,01:00,20,20,0,NON,3,rain,0.0,OUI
Amsterdam,2026-08-25 17:38:55,J+2,2026-08-27,02:00,19,20,-1,NON,4,rain,0.0,OUI
Amsterdam,2026-08-25 17:38:55,J+2,2026-08-27,03:00,19,19,0,NON,4,rain,0.0,OUI
Amsterdam,2026-08-25 17:38:55,J+2,2026-08-27,04:00,18,19,-1,NON,5,rain,0.0,OUI
Amsterdam,2026-08-25 17:38:55,J+2,2026-08-27,05:00,18,18,0,NON,5,rain,0.0,OUI
Amsterdam,2026-08-25 17:38:55,J+2,2026-08-27,06:00,18,18,0,NON,14,rain,0.0,OUI
Amsterdam,2026-08-25 17:38:55,J+2,2026-08-27,07:00,18,18,0,NON,14,rain,0.0,OUI
Amsterdam,2026-08-25 17:38:55,J+2,2026-08-27,08:00,19,18,1,NON,24,rain,0.0,OUI
Amsterdam,2026-08-25 17:38:55,J+2,2026-08-27,09:00,20,19,1,NON,19,rain,0.0,OUI
Amsterdam,2026-08-25 17:38:55,J+2,2026-08-27,10:00,20,20,0,NON,14,rain,0.0,OUI
Amsterdam,2026-08-25 17:38:55,J+2,2026-08-27,11:00,21,20,1,NON,13,rain,0.0,OUI
Amsterdam,2026-08-25 17:38:55,J+2,2026-08-27,12:00,23,21,2,NON,17,rain,0.0,OUI
Amsterdam,2026-08-25 17:38:55,J+2,2026-08-27,13:00,24,23,1,NON,17,rain,0.0,OUI
Amsterdam,2026-08-25 17:38:55,J+2,2026-08-27,14:00,25,24,1,NON,8,rain,0.0,OUI
Amsterdam,2026-08-25 17:38:55,J+2,2026-08-27,15:00,26,25,1,NON,10,rain,0.0,OUI
Amsterdam,2026-08-25 17:38:55,J+2,2026-08-27,16:00,26,26,0,NON,6,rain,0.0,OUI
Amsterdam,2026-08-25 17:38:55,J+2,2026-08-27,17:00,26,26,0,NON,7,rain,0.0,OUI
Amsterdam,2026-08-25 17:38:55,J+2,2026-08-27,18:00,26,26,0,NON,4,rain,0.0,OUI
Amsterdam,2026-08-25 17:38:55,J+2,2026-08-27,19:00,25,26,-1,NON,30,rain,0.7,OUI
Amsterdam,2026-08-25 17:38:55,J+2,2026-08-27,20:00,23,25,-2,NON,39,rain,0.6,OUI
Amsterdam,2026-08-25 17:38:55,J+2,2026-08-27,21:00,22,23,-1,NON,51,rain,0.5,OUI
Amsterdam,2026-08-25 17:38:55,J+2,2026-08-27,22:00,21,22,-1,NON,48,rain,0.6,OUI
Amsterdam,2026-08-25 17:38:55,J+2,2026-08-27,23:00,20,21,-1,NON,58,rain,0.7,OUI
Varsovie,2026-08-25 17:38:55,J+0,2026-08-25,18:00,22,,,NON,0,rain,0.0,OUI
Varsovie,2026-08-25 17:38:55,J+0,2026-08-25,19:00,20,22,-2,NON,1,rain,0.0,OUI
Varsovie,2026-08-25 17:38:55,J+0,2026-08-25,20:00,18,20,-2,NON,1,rain,0.0,OUI
Varsovie,2026-08-25 17:38:55,J+0,2026-08-25,21:00,17,18,-1,NON,1,rain,0.0,OUI
Varsovie,2026-08-25 17:38:55,J+0,2026-08-25,22:00,15,17,-2,NON,1,rain,0.0,OUI
Varsovie,2026-08-25 17:38:55,J+0,2026-08-25,23:00,15,15,0,NON,2,rain,0.0,OUI
Varsovie,2026-08-25 17:38:55,J+1,2026-08-26,00:00,14,15,-1,NON,3,rain,0.0,OUI
Varsovie,2026-08-25 17:38:55,J+1,2026-08-26,01:00,13,14,-1,NON,5,rain,0.0,OUI
Varsovie,2026-08-25 17:38:55,J+1,2026-08-26,02:00,13,13,0,NON,6,rain,0.0,OUI
Varsovie,2026-08-25 17:38:55,J+1,2026-08-26,03:00,12,13,-1,NON,7,rain,0.0,OUI
Varsovie,2026-08-25 17:38:55,J+1,2026-08-26,04:00,12,12,0,NON,7,rain,0.0,OUI
Varsovie,2026-08-25 17:38:55,J+1,2026-08-26,05:00,11,12,-1,NON,8,rain,0.0,OUI
Varsovie,2026-08-25 17:38:55,J+1,2026-08-26,06:00,11,11,0,NON,8,rain,0.0,OUI
Varsovie,2026-08-25 17:38:55,J+1,2026-08-26,07:00,13,11,2,NON,7,rain,0.0,OUI
Varsovie,2026-08-25 17:38:55,J+1,2026-08-26,08:00,15,13,2,NON,5,rain,0.0,OUI
Varsovie,2026-08-25 17:38:55,J+1,2026-08-26,09:00,17,15,2,NON,3,rain,0.0,OUI
Varsovie,2026-08-25 17:38:55,J+1,2026-08-26,10:00,19,17,2,NON,2,rain,0.0,OUI
Varsovie,2026-08-25 17:38:55,J+1,2026-08-26,11:00,20,19,1,NON,4,rain,0.0,OUI
Varsovie,2026-08-25 17:38:55,J+1,2026-08-26,12:00,21,20,1,NON,1,rain,0.0,OUI
Varsovie,2026-08-25 17:38:55,J+1,2026-08-26,13:00,21,21,0,NON,0,rain,0.0,OUI
Varsovie,2026-08-25 17:38:55,J+1,2026-08-26,14:00,22,21,1,NON,0,rain,0.0,OUI
Varsovie,2026-08-25 17:38:55,J+1,2026-08-26,15:00,22,22,0,NON,0,rain,0.0,OUI
Varsovie,2026-08-25 17:38:55,J+1,2026-08-26,16:00,22,22,0,NON,0,rain,0.0,OUI
Varsovie,2026-08-25 17:38:55,J+1,2026-08-26,17:00,22,22,0,NON,0,rain,0.0,OUI
Varsovie,2026-08-25 17:38:55,J+1,2026-08-26,18:00,21,22,-1,NON,0,rain,0.0,OUI
Varsovie,2026-08-25 17:38:55,J+1,2026-08-26,19:00,20,21,-1,NON,1,rain,0.0,OUI
Varsovie,2026-08-25 17:38:55,J+1,2026-08-26,20:00,18,20,-2,NON,1,rain,0.0,OUI
Varsovie,2026-08-25 17:38:55,J+1,2026-08-26,21:00,17,18,-1,NON,2,rain,0.0,OUI
Varsovie,2026-08-25 17:38:55,J+1,2026-08-26,22:00,16,17,-1,NON,2,rain,0.0,OUI
Varsovie,2026-08-25 17:38:55,J+1,2026-08-26,23:00,15,16,-1,NON,3,rain,0.0,OUI
Varsovie,2026-08-25 17:38:55,J+2,2026-08-27,00:00,14,15,-1,NON,4,rain,0.0,OUI
Varsovie,2026-08-25 17:38:55,J+2,2026-08-27,01:00,14,14,0,NON,4,rain,0.0,OUI
Varsovie,2026-08-25 17:38:55,J+2,2026-08-27,02:00,13,14,-1,NON,5,rain,0.0,OUI
Varsovie,2026-08-25 17:38:55,J+2,2026-08-27,03:00,13,13,0,NON,5,rain,0.0,OUI
Varsovie,2026-08-25 17:38:55,J+2,2026-08-27,04:00,13,13,0,NON,6,rain,0.0,OUI
Varsovie,2026-08-25 17:38:55,J+2,2026-08-27,05:00,12,13,-1,NON,6,rain,0.0,OUI
Varsovie,2026-08-25 17:38:55,J+2,2026-08-27,06:00,12,12,0,NON,7,rain,0.0,OUI
Varsovie,2026-08-25 17:38:55,J+2,2026-08-27,07:00,13,12,1,NON,6,rain,0.0,OUI
Varsovie,2026-08-25 17:38:55,J+2,2026-08-27,08:00,15,13,2,NON,4,rain,0.0,OUI
Varsovie,2026-08-25 17:38:55,J+2,2026-08-27,09:00,17,15,2,NON,2,rain,0.0,OUI
Varsovie,2026-08-25 17:38:55,J+2,2026-08-27,10:00,19,17,2,NON,1,rain,0.0,OUI
Varsovie,2026-08-25 17:38:55,J+2,2026-08-27,11:00,21,19,2,NON,0,rain,0.0,OUI
Varsovie,2026-08-25 17:38:55,J+2,2026-08-27,12:00,22,21,1,NON,0,rain,0.0,OUI
Varsovie,2026-08-25 17:38:55,J+2,2026-08-27,13:00,22,22,0,NON,0,rain,0.0,OUI
Varsovie,2026-08-25 17:38:55,J+2,2026-08-27,14:00,23,22,1,NON,0,rain,0.0,OUI
Varsovie,2026-08-25 17:38:55,J+2,2026-08-27,15:00,23,23,0,NON,0,rain,0.0,OUI
Varsovie,2026-08-25 17:38:55,J+2,2026-08-27,16:00,23,23,0,NON,0,rain,0.0,OUI
Varsovie,2026-08-25 17:38:55,J+2,2026-08-27,17:00,23,23,0,NON,0,rain,0.0,OUI
Varsovie,2026-08-25 17:38:55,J+2,2026-08-27,18:00,22,23,-1,NON,0,rain,0.0,OUI
Varsovie,2026-08-25 17:38:55,J+2,2026-08-27,19:00,20,22,-2,NON,0,rain,0.0,OUI
Varsovie,2026-08-25 17:38:55,J+2,2026-08-27,20:00,19,20,-1,NON,1,rain,0.0,OUI
Varsovie,2026-08-25 17:38:55,J+2,2026-08-27,21:00,17,19,-2,NON,1,rain,0.0,OUI
Varsovie,2026-08-25 17:38:55,J+2,2026-08-27,22:00,17,17,0,NON,1,rain,0.0,OUI
Varsovie,2026-08-25 17:38:55,J+2,2026-08-27,23:00,16,17,-1,NON,2,rain,0.0,OUI
Helsinski,2026-08-25 17:38:55,J+0,2026-08-25,19:00,19,,,NON,1,rain,0.0,OUI
Helsinski,2026-08-25 17:38:55,J+0,2026-08-25,20:00,17,19,-2,NON,1,rain,0.0,OUI
Helsinski,2026-08-25 17:38:55,J+0,2026-08-25,21:00,16,17,-1,NON,2,rain,0.0,OUI
Helsinski,2026-08-25 17:38:55,J+0,2026-08-25,22:00,14,16,-2,NON,2,rain,0.0,OUI
Helsinski,2026-08-25 17:38:55,J+0,2026-08-25,23:00,13,14,-1,NON,2,rain,0.0,OUI
Helsinski,2026-08-25 17:38:55,J+1,2026-08-26,00:00,12,13,-1,NON,2,rain,0.0,OUI
Helsinski,2026-08-25 17:38:55,J+1,2026-08-26,01:00,12,12,0,NON,3,rain,0.0,OUI
Helsinski,2026-08-25 17:38:55,J+1,2026-08-26,02:00,11,12,-1,NON,6,rain,0.0,OUI
Helsinski,2026-08-25 17:38:55,J+1,2026-08-26,03:00,11,11,0,NON,7,rain,0.0,OUI
Helsinski,2026-08-25 17:38:55,J+1,2026-08-26,04:00,11,11,0,NON,7,rain,0.0,OUI
Helsinski,2026-08-25 17:38:55,J+1,2026-08-26,05:00,11,11,0,NON,8,rain,0.0,OUI
Helsinski,2026-08-25 17:38:55,J+1,2026-08-26,06:00,11,11,0,NON,8,rain,0.0,OUI
Helsinski,2026-08-25 17:38:55,J+1,2026-08-26,07:00,11,11,0,NON,8,rain,0.0,OUI
Helsinski,2026-08-25 17:38:55,J+1,2026-08-26,08:00,13,11,2,NON,7,rain,0.0,OUI
Helsinski,2026-08-25 17:38:55,J+1,2026-08-26,09:00,14,13,1,NON,6,rain,0.0,OUI
Helsinski,2026-08-25 17:38:55,J+1,2026-08-26,10:00,16,14,2,NON,4,rain,0.0,OUI
Helsinski,2026-08-25 17:38:55,J+1,2026-08-26,11:00,18,16,2,NON,3,rain,0.0,OUI
Helsinski,2026-08-25 17:38:55,J+1,2026-08-26,12:00,19,18,1,NON,3,rain,0.0,OUI
Helsinski,2026-08-25 17:38:55,J+1,2026-08-26,13:00,20,19,1,NON,0,rain,0.0,OUI
Helsinski,2026-08-25 17:38:55,J+1,2026-08-26,14:00,20,20,0,NON,0,rain,0.0,OUI
Helsinski,2026-08-25 17:38:55,J+1,2026-08-26,15:00,21,20,1,NON,0,rain,0.0,OUI
Helsinski,2026-08-25 17:38:55,J+1,2026-08-26,16:00,20,21,-1,NON,0,rain,0.0,OUI
Helsinski,2026-08-25 17:38:55,J+1,2026-08-26,17:00,20,20,0,NON,1,rain,0.0,OUI
Helsinski,2026-08-25 17:38:55,J+1,2026-08-26,18:00,19,20,-1,NON,1,rain,0.0,OUI
Helsinski,2026-08-25 17:38:55,J+1,2026-08-26,19:00,19,19,0,NON,2,rain,0.0,OUI
Helsinski,2026-08-25 17:38:55,J+1,2026-08-26,20:00,18,19,-1,NON,3,rain,0.0,OUI
Helsinski,2026-08-25 17:38:55,J+1,2026-08-26,21:00,17,18,-1,NON,3,rain,0.0,OUI
Helsinski,2026-08-25 17:38:55,J+1,2026-08-26,22:00,15,17,-2,NON,4,rain,0.0,OUI
Helsinski,2026-08-25 17:38:55,J+1,2026-08-26,23:00,14,15,-1,NON,5,rain,0.0,OUI
Helsinski,2026-08-25 17:38:55,J+2,2026-08-27,00:00,13,14,-1,NON,5,rain,0.0,OUI
Helsinski,2026-08-25 17:38:55,J+2,2026-08-27,01:00,13,13,0,NON,6,rain,0.0,OUI
Helsinski,2026-08-25 17:38:55,J+2,2026-08-27,02:00,11,13,-2,NON,7,rain,0.0,OUI
Helsinski,2026-08-25 17:38:55,J+2,2026-08-27,03:00,11,11,0,NON,7,rain,0.0,OUI
Helsinski,2026-08-25 17:38:55,J+2,2026-08-27,04:00,11,11,0,NON,7,rain,0.0,OUI
Helsinski,2026-08-25 17:38:55,J+2,2026-08-27,05:00,11,11,0,NON,8,rain,0.0,OUI
Helsinski,2026-08-25 17:38:55,J+2,2026-08-27,06:00,10,11,-1,NON,8,rain,0.0,OUI
Helsinski,2026-08-25 17:38:55,J+2,2026-08-27,07:00,11,10,1,NON,7,rain,0.0,OUI
Helsinski,2026-08-25 17:38:55,J+2,2026-08-27,08:00,13,11,2,NON,6,rain,0.0,OUI
Helsinski,2026-08-25 17:38:55,J+2,2026-08-27,09:00,15,13,2,NON,4,rain,0.0,OUI
Helsinski,2026-08-25 17:38:55,J+2,2026-08-27,10:00,17,15,2,NON,2,rain,0.0,OUI
Helsinski,2026-08-25 17:38:55,J+2,2026-08-27,11:00,19,17,2,NON,1,rain,0.0,OUI
Helsinski,2026-08-25 17:38:55,J+2,2026-08-27,12:00,20,19,1,NON,0,rain,0.0,OUI
Helsinski,2026-08-25 17:38:55,J+2,2026-08-27,13:00,20,20,0,NON,0,rain,0.0,OUI
Helsinski,2026-08-25 17:38:55,J+2,2026-08-27,14:00,20,20,0,NON,0,rain,0.0,OUI
Helsinski,2026-08-25 17:38:55,J+2,2026-08-27,15:00,20,20,0,NON,1,rain,0.0,OUI
Helsinski,2026-08-25 17:38:55,J+2,2026-08-27,16:00,20,20,0,NON,1,rain,0.0,OUI
Helsinski,2026-08-25 17:38:55,J+2,2026-08-27,17:00,19,20,-1,NON,1,rain,0.0,OUI
Helsinski,2026-08-25 17:38:55,J+2,2026-08-27,18:00,19,19,0,NON,1,rain,0.0,OUI
Helsinski,2026-08-25 17:38:55,J+2,2026-08-27,19:00,18,19,-1,NON,2,rain,0.0,OUI
Helsinski,2026-08-25 17:38:55,J+2,2026-08-27,20:00,17,18,-1,NON,4,rain,0.0,OUI
Helsinski,2026-08-25 17:38:55,J+2,2026-08-27,21:00,16,17,-1,NON,5,rain,0.0,OUI
Helsinski,2026-08-25 17:38:55,J+2,2026-08-27,22:00,15,16,-1,NON,6,rain,0.0,OUI
Helsinski,2026-08-25 17:38:55,J+2,2026-08-27,23:00,14,15,-1,NON,7,rain,0.0,OUI
Tokyo,2026-08-25 17:38:55,J+1,2026-08-26,01:00,29,,,NON,2,rain,0.0,OUI
Tokyo,2026-08-25 17:38:55,J+1,2026-08-26,02:00,29,29,0,NON,2,rain,0.0,OUI
Tokyo,2026-08-25 17:38:55,J+1,2026-08-26,03:00,29,29,0,NON,2,rain,0.0,OUI
Tokyo,2026-08-25 17:38:55,J+1,2026-08-26,04:00,28,29,-1,NON,2,rain,0.0,OUI
Tokyo,2026-08-25 17:38:55,J+1,2026-08-26,05:00,28,28,0,NON,2,rain,0.0,OUI
Tokyo,2026-08-25 17:38:55,J+1,2026-08-26,06:00,28,28,0,NON,2,rain,0.0,OUI
Tokyo,2026-08-25 17:38:55,J+1,2026-08-26,07:00,29,28,1,NON,2,rain,0.0,OUI
Tokyo,2026-08-25 17:38:55,J+1,2026-08-26,08:00,30,29,1,NON,5,rain,0.0,OUI
Tokyo,2026-08-25 17:38:55,J+1,2026-08-26,09:00,31,30,1,NON,3,rain,0.0,OUI
Tokyo,2026-08-25 17:38:55,J+1,2026-08-26,10:00,32,31,1,NON,3,rain,0.0,OUI
Tokyo,2026-08-25 17:38:55,J+1,2026-08-26,11:00,33,32,1,NON,2,rain,0.0,OUI
Tokyo,2026-08-25 17:38:55,J+1,2026-08-26,12:00,33,33,0,NON,2,rain,0.0,OUI
Tokyo,2026-08-25 17:38:55,J+1,2026-08-26,13:00,34,33,1,NON,1,rain,0.0,OUI
Tokyo,2026-08-25 17:38:55,J+1,2026-08-26,14:00,34,34,0,NON,1,rain,0.0,OUI
Tokyo,2026-08-25 17:38:55,J+1,2026-08-26,15:00,34,34,0,NON,1,rain,0.0,OUI
Tokyo,2026-08-25 17:38:55,J+1,2026-08-26,16:00,33,34,-1,NON,2,rain,0.0,OUI
Tokyo,2026-08-25 17:38:55,J+1,2026-08-26,17:00,32,33,-1,NON,2,rain,0.0,OUI
Tokyo,2026-08-25 17:38:55,J+1,2026-08-26,18:00,32,32,0,NON,12,rain,0.0,OUI
Tokyo,2026-08-25 17:38:55,J+1,2026-08-26,19:00,31,32,-1,NON,3,rain,0.0,OUI
Tokyo,2026-08-25 17:38:55,J+1,2026-08-26,20:00,30,31,-1,NON,4,rain,0.0,OUI
Tokyo,2026-08-25 17:38:55,J+1,2026-08-26,21:00,30,30,0,NON,6,rain,0.0,OUI
Tokyo,2026-08-25 17:38:55,J+1,2026-08-26,22:00,29,30,-1,NON,6,rain,0.0,OUI
Tokyo,2026-08-25 17:38:55,J+1,2026-08-26,23:00,29,29,0,NON,5,rain,0.0,OUI
Tokyo,2026-08-25 17:38:55,J+2,2026-08-27,00:00,29,29,0,NON,5,rain,0.0,OUI
Tokyo,2026-08-25 17:38:55,J+2,2026-08-27,01:00,29,29,0,NON,5,rain,0.0,OUI
Tokyo,2026-08-25 17:38:55,J+2,2026-08-27,02:00,28,29,-1,NON,9,rain,0.0,OUI
Tokyo,2026-08-25 17:38:55,J+2,2026-08-27,03:00,28,28,0,NON,11,rain,0.0,OUI
Tokyo,2026-08-25 17:38:55,J+2,2026-08-27,04:00,28,28,0,NON,21,rain,0.0,OUI
Tokyo,2026-08-25 17:38:55,J+2,2026-08-27,05:00,28,28,0,NON,35,rain,0.4,OUI
Tokyo,2026-08-25 17:38:55,J+2,2026-08-27,06:00,28,28,0,NON,36,rain,0.5,OUI
Tokyo,2026-08-25 17:38:55,J+2,2026-08-27,07:00,28,28,0,NON,24,rain,0.0,OUI
Tokyo,2026-08-25 17:38:55,J+2,2026-08-27,08:00,29,28,1,NON,24,rain,0.0,OUI
Tokyo,2026-08-25 17:38:55,J+2,2026-08-27,09:00,29,29,0,NON,23,rain,0.0,OUI
Tokyo,2026-08-25 17:38:55,J+2,2026-08-27,10:00,29,29,0,NON,20,rain,0.0,OUI
Tokyo,2026-08-25 17:38:55,J+2,2026-08-27,11:00,30,29,1,NON,19,rain,0.0,OUI
Tokyo,2026-08-25 17:38:55,J+2,2026-08-27,12:00,30,30,0,NON,22,rain,0.0,OUI
Tokyo,2026-08-25 17:38:55,J+2,2026-08-27,13:00,30,30,0,NON,24,rain,0.0,OUI
Tokyo,2026-08-25 17:38:55,J+2,2026-08-27,14:00,30,30,0,NON,53,rain,0.5,OUI
Tokyo,2026-08-25 17:38:55,J+2,2026-08-27,15:00,30,30,0,NON,52,rain,0.5,OUI
Tokyo,2026-08-25 17:38:55,J+2,2026-08-27,16:00,29,30,-1,NON,51,rain,0.4,OUI
Tokyo,2026-08-25 17:38:55,J+2,2026-08-27,17:00,28,29,-1,NON,56,rain,0.4,OUI
Tokyo,2026-08-25 17:38:55,J+2,2026-08-27,18:00,28,28,0,NON,35,rain,0.3,OUI
Tokyo,2026-08-25 17:38:55,J+2,2026-08-27,19:00,27,28,-1,NON,35,rain,0.4,OUI
Tokyo,2026-08-25 17:38:55,J+2,2026-08-27,20:00,27,27,0,NON,24,rain,0.0,OUI
Tokyo,2026-08-25 17:38:55,J+2,2026-08-27,21:00,27,27,0,NON,41,rain,0.6,OUI
Tokyo,2026-08-25 17:38:55,J+2,2026-08-27,22:00,26,27,-1,NON,46,rain,0.6,OUI
Tokyo,2026-08-25 17:38:55,J+2,2026-08-27,23:00,26,26,0,NON,42,rain,0.6,OUI
Seoul,2026-08-25 17:38:55,J+1,2026-08-26,01:00,27,,,NON,9,rain,0.0,OUI
Seoul,2026-08-25 17:38:55,J+1,2026-08-26,02:00,27,27,0,NON,7,rain,0.0,OUI
Seoul,2026-08-25 17:38:55,J+1,2026-08-26,03:00,26,27,-1,NON,3,rain,0.0,OUI
Seoul,2026-08-25 17:38:55,J+1,2026-08-26,04:00,26,26,0,NON,3,rain,0.0,OUI
Seoul,2026-08-25 17:38:55,J+1,2026-08-26,05:00,26,26,0,NON,3,rain,0.0,OUI
Seoul,2026-08-25 17:38:55,J+1,2026-08-26,06:00,26,26,0,NON,3,rain,0.0,OUI
Seoul,2026-08-25 17:38:55,J+1,2026-08-26,07:00,27,26,1,NON,3,rain,0.0,OUI
Seoul,2026-08-25 17:38:55,J+1,2026-08-26,08:00,27,27,0,NON,7,rain,0.0,OUI
Seoul,2026-08-25 17:38:55,J+1,2026-08-26,09:00,28,27,1,NON,6,rain,0.0,OUI
Seoul,2026-08-25 17:38:55,J+1,2026-08-26,10:00,28,28,0,NON,6,rain,0.0,OUI
Seoul,2026-08-25 17:38:55,J+1,2026-08-26,11:00,29,28,1,NON,5,rain,0.0,OUI
Seoul,2026-08-25 17:38:55,J+1,2026-08-26,12:00,29,29,0,NON,6,rain,0.0,OUI
Seoul,2026-08-25 17:38:55,J+1,2026-08-26,13:00,29,29,0,NON,5,rain,0.0,OUI
Seoul,2026-08-25 17:38:55,J+1,2026-08-26,14:00,29,29,0,NON,5,rain,0.0,OUI
Seoul,2026-08-25 17:38:55,J+1,2026-08-26,15:00,29,29,0,NON,4,rain,0.0,OUI
Seoul,2026-08-25 17:38:55,J+1,2026-08-26,16:00,29,29,0,NON,8,rain,0.0,OUI
Seoul,2026-08-25 17:38:55,J+1,2026-08-26,17:00,28,29,-1,NON,5,rain,0.0,OUI
Seoul,2026-08-25 17:38:55,J+1,2026-08-26,18:00,28,28,0,NON,5,rain,0.0,OUI
Seoul,2026-08-25 17:38:55,J+1,2026-08-26,19:00,28,28,0,NON,6,rain,0.0,OUI
Seoul,2026-08-25 17:38:55,J+1,2026-08-26,20:00,27,28,-1,NON,6,rain,0.0,OUI
Seoul,2026-08-25 17:38:55,J+1,2026-08-26,21:00,27,27,0,NON,7,rain,0.0,OUI
Seoul,2026-08-25 17:38:55,J+1,2026-08-26,22:00,27,27,0,NON,7,rain,0.0,OUI
Seoul,2026-08-25 17:38:55,J+1,2026-08-26,23:00,27,27,0,NON,7,rain,0.0,OUI
Seoul,2026-08-25 17:38:55,J+2,2026-08-27,00:00,27,27,0,NON,7,rain,0.0,OUI
Seoul,2026-08-25 17:38:55,J+2,2026-08-27,01:00,27,27,0,NON,7,rain,0.0,OUI
Seoul,2026-08-25 17:38:55,J+2,2026-08-27,02:00,27,27,0,NON,7,rain,0.0,OUI
Seoul,2026-08-25 17:38:55,J+2,2026-08-27,03:00,26,27,-1,NON,10,rain,0.0,OUI
Seoul,2026-08-25 17:38:55,J+2,2026-08-27,04:00,26,26,0,NON,10,rain,0.0,OUI
Seoul,2026-08-25 17:38:55,J+2,2026-08-27,05:00,26,26,0,NON,10,rain,0.0,OUI
Seoul,2026-08-25 17:38:55,J+2,2026-08-27,06:00,26,26,0,NON,16,rain,0.0,OUI
Seoul,2026-08-25 17:38:55,J+2,2026-08-27,07:00,26,26,0,NON,17,rain,0.0,OUI
Seoul,2026-08-25 17:38:55,J+2,2026-08-27,08:00,27,26,1,NON,13,rain,0.0,OUI
Seoul,2026-08-25 17:38:55,J+2,2026-08-27,09:00,27,27,0,NON,9,rain,0.0,OUI
Seoul,2026-08-25 17:38:55,J+2,2026-08-27,10:00,28,27,1,NON,14,rain,0.0,OUI
Seoul,2026-08-25 17:38:55,J+2,2026-08-27,11:00,28,28,0,NON,16,rain,0.0,OUI
Seoul,2026-08-25 17:38:55,J+2,2026-08-27,12:00,29,28,1,NON,6,rain,0.0,OUI
Seoul,2026-08-25 17:38:55,J+2,2026-08-27,13:00,28,29,-1,NON,6,rain,0.0,OUI
Seoul,2026-08-25 17:38:55,J+2,2026-08-27,14:00,29,28,1,NON,9,rain,0.0,OUI
Seoul,2026-08-25 17:38:55,J+2,2026-08-27,15:00,29,29,0,NON,6,rain,0.0,OUI
Seoul,2026-08-25 17:38:55,J+2,2026-08-27,16:00,29,29,0,NON,6,rain,0.0,OUI
Seoul,2026-08-25 17:38:55,J+2,2026-08-27,17:00,28,29,-1,NON,6,rain,0.0,OUI
Seoul,2026-08-25 17:38:55,J+2,2026-08-27,18:00,28,28,0,NON,4,rain,0.0,OUI
Seoul,2026-08-25 17:38:55,J+2,2026-08-27,19:00,27,28,-1,NON,5,rain,0.0,OUI
Seoul,2026-08-25 17:38:55,J+2,2026-08-27,20:00,27,27,0,NON,5,rain,0.0,OUI
Seoul,2026-08-25 17:38:55,J+2,2026-08-27,21:00,27,27,0,NON,5,rain,0.0,OUI
Seoul,2026-08-25 17:38:55,J+2,2026-08-27,22:00,27,27,0,NON,5,rain,0.0,OUI
Seoul,2026-08-25 17:38:55,J+2,2026-08-27,23:00,26,27,-1,NON,5,rain,0.0,OUI
New York,2026-08-25 17:38:55,J+0,2026-08-25,12:00,75,,,NON,0,rain,0.0,OUI
New York,2026-08-25 17:38:55,J+0,2026-08-25,13:00,76,75,1,NON,0,rain,0.0,OUI
New York,2026-08-25 17:38:55,J+0,2026-08-25,14:00,78,76,2,NON,0,rain,0.0,OUI
New York,2026-08-25 17:38:55,J+0,2026-08-25,15:00,79,78,1,NON,0,rain,0.0,OUI
New York,2026-08-25 17:38:55,J+0,2026-08-25,16:00,80,79,1,NON,0,rain,0.0,OUI
New York,2026-08-25 17:38:55,J+0,2026-08-25,17:00,80,80,0,NON,1,rain,0.0,OUI
New York,2026-08-25 17:38:55,J+0,2026-08-25,18:00,80,80,0,NON,1,rain,0.0,OUI
New York,2026-08-25 17:38:55,J+0,2026-08-25,19:00,78,80,-2,NON,2,rain,0.0,OUI
New York,2026-08-25 17:38:55,J+0,2026-08-25,20:00,77,78,-1,NON,2,rain,0.0,OUI
New York,2026-08-25 17:38:55,J+0,2026-08-25,21:00,75,77,-2,NON,1,rain,0.0,OUI
New York,2026-08-25 17:38:55,J+0,2026-08-25,22:00,74,75,-1,NON,2,rain,0.0,OUI
New York,2026-08-25 17:38:55,J+0,2026-08-25,23:00,73,74,-1,NON,2,rain,0.0,OUI
New York,2026-08-25 17:38:55,J+1,2026-08-26,00:00,72,73,-1,NON,3,rain,0.0,OUI
New York,2026-08-25 17:38:55,J+1,2026-08-26,01:00,71,72,-1,NON,4,rain,0.0,OUI
New York,2026-08-25 17:38:55,J+1,2026-08-26,02:00,70,71,-1,NON,4,rain,0.0,OUI
New York,2026-08-25 17:38:55,J+1,2026-08-26,03:00,69,70,-1,NON,5,rain,0.0,OUI
New York,2026-08-25 17:38:55,J+1,2026-08-26,04:00,68,69,-1,NON,5,rain,0.0,OUI
New York,2026-08-25 17:38:55,J+1,2026-08-26,05:00,67,68,-1,NON,6,rain,0.0,OUI
New York,2026-08-25 17:38:55,J+1,2026-08-26,06:00,67,67,0,NON,6,rain,0.0,OUI
New York,2026-08-25 17:38:55,J+1,2026-08-26,07:00,67,67,0,NON,6,rain,0.0,OUI
New York,2026-08-25 17:38:55,J+1,2026-08-26,08:00,69,67,2,NON,4,rain,0.0,OUI
New York,2026-08-25 17:38:55,J+1,2026-08-26,09:00,70,69,1,NON,2,rain,0.0,OUI
New York,2026-08-25 17:38:55,J+1,2026-08-26,10:00,73,70,3,NON,1,rain,0.0,OUI
New York,2026-08-25 17:38:55,J+1,2026-08-26,11:00,75,73,2,NON,1,rain,0.0,OUI
New York,2026-08-25 17:38:55,J+1,2026-08-26,12:00,76,75,1,NON,0,rain,0.0,OUI
New York,2026-08-25 17:38:55,J+1,2026-08-26,13:00,78,76,2,NON,0,rain,0.0,OUI
New York,2026-08-25 17:38:55,J+1,2026-08-26,14:00,80,78,2,NON,0,rain,0.0,OUI
New York,2026-08-25 17:38:55,J+1,2026-08-26,15:00,80,80,0,NON,0,rain,0.0,OUI
New York,2026-08-25 17:38:55,J+1,2026-08-26,16:00,81,80,1,NON,0,rain,0.0,OUI
New York,2026-08-25 17:38:55,J+1,2026-08-26,17:00,81,81,0,NON,0,rain,0.0,OUI
New York,2026-08-25 17:38:55,J+1,2026-08-26,18:00,80,81,-1,NON,1,rain,0.0,OUI
New York,2026-08-25 17:38:55,J+1,2026-08-26,19:00,78,80,-2,NON,2,rain,0.0,OUI
New York,2026-08-25 17:38:55,J+1,2026-08-26,20:00,76,78,-2,NON,3,rain,0.0,OUI
New York,2026-08-25 17:38:55,J+1,2026-08-26,21:00,75,76,-1,NON,4,rain,0.0,OUI
New York,2026-08-25 17:38:55,J+1,2026-08-26,22:00,75,75,0,NON,5,rain,0.0,OUI
New York,2026-08-25 17:38:55,J+1,2026-08-26,23:00,75,75,0,NON,5,rain,0.0,OUI
New York,2026-08-25 17:38:55,J+2,2026-08-27,00:00,75,75,0,NON,5,rain,0.0,OUI
New York,2026-08-25 17:38:55,J+2,2026-08-27,01:00,75,75,0,NON,5,rain,0.0,OUI
New York,2026-08-25 17:38:55,J+2,2026-08-27,02:00,74,75,-1,NON,5,rain,0.0,OUI
New York,2026-08-25 17:38:55,J+2,2026-08-27,03:00,74,74,0,NON,5,rain,0.0,OUI
New York,2026-08-25 17:38:55,J+2,2026-08-27,04:00,73,74,-1,NON,6,rain,0.0,OUI
New York,2026-08-25 17:38:55,J+2,2026-08-27,05:00,73,73,0,NON,6,rain,0.0,OUI
New York,2026-08-25 17:38:55,J+2,2026-08-27,06:00,73,73,0,NON,6,rain,0.0,OUI
New York,2026-08-25 17:38:55,J+2,2026-08-27,07:00,73,73,0,NON,6,rain,0.0,OUI
New York,2026-08-25 17:38:55,J+2,2026-08-27,08:00,74,73,1,NON,12,rain,0.0,OUI
New York,2026-08-25 17:38:55,J+2,2026-08-27,09:00,76,74,2,NON,20,rain,0.0,OUI
New York,2026-08-25 17:38:55,J+2,2026-08-27,10:00,78,76,2,NON,17,rain,0.0,OUI
New York,2026-08-25 17:38:55,J+2,2026-08-27,11:00,79,78,1,NON,32,rain,0.01,OUI
New York,2026-08-25 17:38:55,J+2,2026-08-27,12:00,80,79,1,NON,37,rain,0.04,OUI
New York,2026-08-25 17:38:55,J+2,2026-08-27,13:00,80,80,0,NON,37,rain,0.01,OUI
New York,2026-08-25 17:38:55,J+2,2026-08-27,14:00,80,80,0,NON,50,rain,0.02,OUI
New York,2026-08-25 17:38:55,J+2,2026-08-27,15:00,80,80,0,NON,47,rain,0.02,OUI
New York,2026-08-25 17:38:55,J+2,2026-08-27,16:00,80,80,0,NON,56,rain,0.03,OUI
New York,2026-08-25 17:38:55,J+2,2026-08-27,17:00,79,80,-1,NON,55,rain,0.03,OUI
New York,2026-08-25 17:38:55,J+2,2026-08-27,18:00,78,79,-1,NON,45,rain,0.02,OUI
New York,2026-08-25 17:38:55,J+2,2026-08-27,19:00,77,78,-1,NON,38,rain,0.01,OUI
New York,2026-08-25 17:38:55,J+2,2026-08-27,20:00,76,77,-1,NON,32,rain,0.01,OUI
New York,2026-08-25 17:38:55,J+2,2026-08-27,21:00,76,76,0,NON,32,rain,0.01,OUI
New York,2026-08-25 17:38:55,J+2,2026-08-27,22:00,75,76,-1,NON,23,rain,0.0,OUI
New York,2026-08-25 17:38:55,J+2,2026-08-27,23:00,75,75,0,NON,24,rain,0.0,OUI
Miami,2026-08-25 17:38:55,J+0,2026-08-25,12:00,91,,,NON,8,rain,0.0,OUI
Miami,2026-08-25 17:38:55,J+0,2026-08-25,13:00,90,91,-1,NON,16,rain,0.0,OUI
Miami,2026-08-25 17:38:55,J+0,2026-08-25,14:00,91,90,1,NON,4,rain,0.0,OUI
Miami,2026-08-25 17:38:55,J+0,2026-08-25,15:00,90,91,-1,NON,2,rain,0.0,OUI
Miami,2026-08-25 17:38:55,J+0,2026-08-25,16:00,89,90,-1,NON,2,rain,0.0,OUI
Miami,2026-08-25 17:38:55,J+0,2026-08-25,17:00,89,89,0,NON,10,rain,0.0,OUI
Miami,2026-08-25 17:38:55,J+0,2026-08-25,18:00,88,89,-1,NON,12,rain,0.0,OUI
Miami,2026-08-25 17:38:55,J+0,2026-08-25,19:00,87,88,-1,NON,3,rain,0.0,OUI
Miami,2026-08-25 17:38:55,J+0,2026-08-25,20:00,85,87,-2,NON,4,rain,0.0,OUI
Miami,2026-08-25 17:38:55,J+0,2026-08-25,21:00,84,85,-1,NON,13,rain,0.0,OUI
Miami,2026-08-25 17:38:55,J+0,2026-08-25,22:00,84,84,0,NON,11,rain,0.0,OUI
Miami,2026-08-25 17:38:55,J+0,2026-08-25,23:00,83,84,-1,NON,15,rain,0.0,OUI
Miami,2026-08-25 17:38:55,J+1,2026-08-26,00:00,83,83,0,NON,15,rain,0.0,OUI
Miami,2026-08-25 17:38:55,J+1,2026-08-26,01:00,82,83,-1,NON,18,rain,0.0,OUI
Miami,2026-08-25 17:38:55,J+1,2026-08-26,02:00,82,82,0,NON,15,rain,0.0,OUI
Miami,2026-08-25 17:38:55,J+1,2026-08-26,03:00,81,82,-1,NON,19,rain,0.0,OUI
Miami,2026-08-25 17:38:55,J+1,2026-08-26,04:00,81,81,0,NON,19,rain,0.0,OUI
Miami,2026-08-25 17:38:55,J+1,2026-08-26,05:00,81,81,0,NON,24,rain,0.0,OUI
Miami,2026-08-25 17:38:55,J+1,2026-08-26,06:00,80,81,-1,NON,22,rain,0.0,OUI
Miami,2026-08-25 17:38:55,J+1,2026-08-26,07:00,80,80,0,NON,23,rain,0.0,OUI
Miami,2026-08-25 17:38:55,J+1,2026-08-26,08:00,81,80,1,NON,18,rain,0.0,OUI
Miami,2026-08-25 17:38:55,J+1,2026-08-26,09:00,83,81,2,NON,22,rain,0.0,OUI
Miami,2026-08-25 17:38:55,J+1,2026-08-26,10:00,85,83,2,NON,24,rain,0.0,OUI
Miami,2026-08-25 17:38:55,J+1,2026-08-26,11:00,86,85,1,NON,18,rain,0.0,OUI
Miami,2026-08-25 17:38:55,J+1,2026-08-26,12:00,88,86,2,NON,15,rain,0.0,OUI
Miami,2026-08-25 17:38:55,J+1,2026-08-26,13:00,88,88,0,NON,32,rain,0.03,OUI
Miami,2026-08-25 17:38:55,J+1,2026-08-26,14:00,88,88,0,NON,36,rain,0.02,OUI
Miami,2026-08-25 17:38:55,J+1,2026-08-26,15:00,87,88,-1,NON,53,rain,0.03,OUI
Miami,2026-08-25 17:38:55,J+1,2026-08-26,16:00,85,87,-2,NON,36,rain,0.01,OUI
Miami,2026-08-25 17:38:55,J+1,2026-08-26,17:00,86,85,1,NON,24,rain,0.0,OUI
Miami,2026-08-25 17:38:55,J+1,2026-08-26,18:00,85,86,-1,NON,15,rain,0.0,OUI
Miami,2026-08-25 17:38:55,J+1,2026-08-26,19:00,84,85,-1,NON,13,rain,0.0,OUI
Miami,2026-08-25 17:38:55,J+1,2026-08-26,20:00,83,84,-1,NON,8,rain,0.0,OUI
Miami,2026-08-25 17:38:55,J+1,2026-08-26,21:00,83,83,0,NON,16,rain,0.0,OUI
Miami,2026-08-25 17:38:55,J+1,2026-08-26,22:00,83,83,0,NON,13,rain,0.0,OUI
Miami,2026-08-25 17:38:55,J+1,2026-08-26,23:00,83,83,0,NON,17,rain,0.0,OUI
Miami,2026-08-25 17:38:55,J+2,2026-08-27,00:00,82,83,-1,NON,16,rain,0.0,OUI
Miami,2026-08-25 17:38:55,J+2,2026-08-27,01:00,82,82,0,NON,30,rain,0.02,OUI
Miami,2026-08-25 17:38:55,J+2,2026-08-27,02:00,81,82,-1,NON,20,rain,0.0,OUI
Miami,2026-08-25 17:38:55,J+2,2026-08-27,03:00,81,81,0,NON,16,rain,0.0,OUI
Miami,2026-08-25 17:38:55,J+2,2026-08-27,04:00,81,81,0,NON,8,rain,0.0,OUI
Miami,2026-08-25 17:38:55,J+2,2026-08-27,05:00,81,81,0,NON,24,rain,0.0,OUI
Miami,2026-08-25 17:38:55,J+2,2026-08-27,06:00,81,81,0,NON,33,rain,0.01,OUI
Miami,2026-08-25 17:38:55,J+2,2026-08-27,07:00,81,81,0,NON,23,rain,0.0,OUI
Miami,2026-08-25 17:38:55,J+2,2026-08-27,08:00,81,81,0,NON,15,rain,0.0,OUI
Miami,2026-08-25 17:38:55,J+2,2026-08-27,09:00,84,81,3,NON,22,rain,0.0,OUI
Miami,2026-08-25 17:38:55,J+2,2026-08-27,10:00,85,84,1,NON,15,rain,0.0,OUI
Miami,2026-08-25 17:38:55,J+2,2026-08-27,11:00,87,85,2,NON,24,rain,0.0,OUI
Miami,2026-08-25 17:38:55,J+2,2026-08-27,12:00,89,87,2,NON,24,rain,0.0,OUI
Miami,2026-08-25 17:38:55,J+2,2026-08-27,13:00,89,89,0,NON,40,rain,0.08,OUI
Miami,2026-08-25 17:38:55,J+2,2026-08-27,14:00,87,89,-2,NON,45,rain,0.03,OUI
Miami,2026-08-25 17:38:55,J+2,2026-08-27,15:00,86,87,-1,NON,41,rain,0.26,OUI
Miami,2026-08-25 17:38:55,J+2,2026-08-27,16:00,85,86,-1,NON,41,rain,0.28,OUI
Miami,2026-08-25 17:38:55,J+2,2026-08-27,17:00,84,85,-1,NON,41,rain,0.02,OUI
Miami,2026-08-25 17:38:55,J+2,2026-08-27,18:00,84,84,0,NON,21,rain,0.0,OUI
Miami,2026-08-25 17:38:55,J+2,2026-08-27,19:00,84,84,0,NON,18,rain,0.0,OUI
Miami,2026-08-25 17:38:55,J+2,2026-08-27,20:00,83,84,-1,NON,11,rain,0.0,OUI
Miami,2026-08-25 17:38:55,J+2,2026-08-27,21:00,82,83,-1,NON,13,rain,0.0,OUI
Miami,2026-08-25 17:38:55,J+2,2026-08-27,22:00,82,82,0,NON,16,rain,0.0,OUI
Miami,2026-08-25 17:38:55,J+2,2026-08-27,23:00,81,82,-1,NON,12,rain,0.0,OUI
Austin,2026-08-25 17:38:55,J+0,2026-08-25,11:00,90,,,NON,0,rain,0.0,OUI
Austin,2026-08-25 17:38:55,J+0,2026-08-25,12:00,93,90,3,NON,0,rain,0.0,OUI
Austin,2026-08-25 17:38:55,J+0,2026-08-25,13:00,96,93,3,NON,0,rain,0.0,OUI
Austin,2026-08-25 17:38:55,J+0,2026-08-25,14:00,98,96,2,NON,0,rain,0.0,OUI
Austin,2026-08-25 17:38:55,J+0,2026-08-25,15:00,100,98,2,NON,0,rain,0.0,OUI
Austin,2026-08-25 17:38:55,J+0,2026-08-25,16:00,101,100,1,NON,0,rain,0.0,OUI
Austin,2026-08-25 17:38:55,J+0,2026-08-25,17:00,102,101,1,NON,0,rain,0.0,OUI
Austin,2026-08-25 17:38:55,J+0,2026-08-25,18:00,101,102,-1,NON,0,rain,0.0,OUI
Austin,2026-08-25 17:38:55,J+0,2026-08-25,19:00,100,101,-1,NON,1,rain,0.0,OUI
Austin,2026-08-25 17:38:55,J+0,2026-08-25,20:00,96,100,-4,NON,0,rain,0.0,OUI
Austin,2026-08-25 17:38:55,J+0,2026-08-25,21:00,91,96,-5,NON,0,rain,0.0,OUI
Austin,2026-08-25 17:38:55,J+0,2026-08-25,22:00,89,91,-2,NON,0,rain,0.0,OUI
Austin,2026-08-25 17:38:55,J+0,2026-08-25,23:00,87,89,-2,NON,0,rain,0.0,OUI
Austin,2026-08-25 17:38:55,J+1,2026-08-26,00:00,85,87,-2,NON,0,rain,0.0,OUI
Austin,2026-08-25 17:38:55,J+1,2026-08-26,01:00,83,85,-2,NON,1,rain,0.0,OUI
Austin,2026-08-25 17:38:55,J+1,2026-08-26,02:00,81,83,-2,NON,2,rain,0.0,OUI
Austin,2026-08-25 17:38:55,J+1,2026-08-26,03:00,79,81,-2,NON,4,rain,0.0,OUI
Austin,2026-08-25 17:38:55,J+1,2026-08-26,04:00,78,79,-1,NON,5,rain,0.0,OUI
Austin,2026-08-25 17:38:55,J+1,2026-08-26,05:00,77,78,-1,NON,6,rain,0.0,OUI
Austin,2026-08-25 17:38:55,J+1,2026-08-26,06:00,76,77,-1,NON,7,rain,0.0,OUI
Austin,2026-08-25 17:38:55,J+1,2026-08-26,07:00,76,76,0,NON,7,rain,0.0,OUI
Austin,2026-08-25 17:38:55,J+1,2026-08-26,08:00,78,76,2,NON,6,rain,0.0,OUI
Austin,2026-08-25 17:38:55,J+1,2026-08-26,09:00,82,78,4,NON,4,rain,0.0,OUI
Austin,2026-08-25 17:38:55,J+1,2026-08-26,10:00,86,82,4,NON,2,rain,0.0,OUI
Austin,2026-08-25 17:38:55,J+1,2026-08-26,11:00,90,86,4,NON,0,rain,0.0,OUI
Austin,2026-08-25 17:38:55,J+1,2026-08-26,12:00,93,90,3,NON,0,rain,0.0,OUI
Austin,2026-08-25 17:38:55,J+1,2026-08-26,13:00,96,93,3,NON,0,rain,0.0,OUI
Austin,2026-08-25 17:38:55,J+1,2026-08-26,14:00,99,96,3,NON,0,rain,0.0,OUI
Austin,2026-08-25 17:38:55,J+1,2026-08-26,15:00,100,99,1,NON,0,rain,0.0,OUI
Austin,2026-08-25 17:38:55,J+1,2026-08-26,16:00,102,100,2,NON,0,rain,0.0,OUI
Austin,2026-08-25 17:38:55,J+1,2026-08-26,17:00,103,102,1,NON,7,rain,0.0,OUI
Austin,2026-08-25 17:38:55,J+1,2026-08-26,18:00,102,103,-1,NON,1,rain,0.0,OUI
Austin,2026-08-25 17:38:55,J+1,2026-08-26,19:00,101,102,-1,NON,0,rain,0.0,OUI
Austin,2026-08-25 17:38:55,J+1,2026-08-26,20:00,97,101,-4,NON,0,rain,0.0,OUI
Austin,2026-08-25 17:38:55,J+1,2026-08-26,21:00,92,97,-5,NON,0,rain,0.0,OUI
Austin,2026-08-25 17:38:55,J+1,2026-08-26,22:00,91,92,-1,NON,0,rain,0.0,OUI
Austin,2026-08-25 17:38:55,J+1,2026-08-26,23:00,89,91,-2,NON,0,rain,0.0,OUI
Austin,2026-08-25 17:38:55,J+2,2026-08-27,00:00,87,89,-2,NON,0,rain,0.0,OUI
Austin,2026-08-25 17:38:55,J+2,2026-08-27,01:00,85,87,-2,NON,1,rain,0.0,OUI
Austin,2026-08-25 17:38:55,J+2,2026-08-27,02:00,83,85,-2,NON,1,rain,0.0,OUI
Austin,2026-08-25 17:38:55,J+2,2026-08-27,03:00,82,83,-1,NON,2,rain,0.0,OUI
Austin,2026-08-25 17:38:55,J+2,2026-08-27,04:00,81,82,-1,NON,2,rain,0.0,OUI
Austin,2026-08-25 17:38:55,J+2,2026-08-27,05:00,80,81,-1,NON,10,rain,0.0,OUI
Austin,2026-08-25 17:38:55,J+2,2026-08-27,06:00,79,80,-1,NON,12,rain,0.0,OUI
Austin,2026-08-25 17:38:55,J+2,2026-08-27,07:00,79,79,0,NON,9,rain,0.0,OUI
Austin,2026-08-25 17:38:55,J+2,2026-08-27,08:00,80,79,1,NON,9,rain,0.0,OUI
Austin,2026-08-25 17:38:55,J+2,2026-08-27,09:00,84,80,4,NON,6,rain,0.0,OUI
Austin,2026-08-25 17:38:55,J+2,2026-08-27,10:00,88,84,4,NON,3,rain,0.0,OUI
Austin,2026-08-25 17:38:55,J+2,2026-08-27,11:00,92,88,4,NON,0,rain,0.0,OUI
Austin,2026-08-25 17:38:55,J+2,2026-08-27,12:00,95,92,3,NON,0,rain,0.0,OUI
Austin,2026-08-25 17:38:55,J+2,2026-08-27,13:00,98,95,3,NON,15,rain,0.0,OUI
Austin,2026-08-25 17:38:55,J+2,2026-08-27,14:00,99,98,1,NON,17,rain,0.0,OUI
Austin,2026-08-25 17:38:55,J+2,2026-08-27,15:00,99,99,0,NON,18,rain,0.0,OUI
Austin,2026-08-25 17:38:55,J+2,2026-08-27,16:00,99,99,0,NON,24,rain,0.0,OUI
Austin,2026-08-25 17:38:55,J+2,2026-08-27,17:00,98,99,-1,NON,24,rain,0.0,OUI
Austin,2026-08-25 17:38:55,J+2,2026-08-27,18:00,96,98,-2,NON,20,rain,0.0,OUI
Austin,2026-08-25 17:38:55,J+2,2026-08-27,19:00,95,96,-1,NON,15,rain,0.0,OUI
Austin,2026-08-25 17:38:55,J+2,2026-08-27,20:00,90,95,-5,NON,15,rain,0.0,OUI
Austin,2026-08-25 17:38:55,J+2,2026-08-27,21:00,87,90,-3,NON,19,rain,0.0,OUI
Austin,2026-08-25 17:38:55,J+2,2026-08-27,22:00,85,87,-2,NON,11,rain,0.0,OUI
Austin,2026-08-25 17:38:55,J+2,2026-08-27,23:00,84,85,-1,NON,7,rain,0.0,OUI
Dallas,2026-08-25 17:38:55,J+0,2026-08-25,11:00,88,,,NON,15,rain,0.0,OUI
Dallas,2026-08-25 17:38:55,J+0,2026-08-25,12:00,92,88,4,NON,15,rain,0.0,OUI
Dallas,2026-08-25 17:38:55,J+0,2026-08-25,13:00,95,92,3,NON,1,rain,0.0,OUI
Dallas,2026-08-25 17:38:55,J+0,2026-08-25,14:00,100,95,5,NON,1,rain,0.0,OUI
Dallas,2026-08-25 17:38:55,J+0,2026-08-25,15:00,102,100,2,NON,1,rain,0.0,OUI
Dallas,2026-08-25 17:38:55,J+0,2026-08-25,16:00,103,102,1,NON,0,rain,0.0,OUI
Dallas,2026-08-25 17:38:55,J+0,2026-08-25,17:00,104,103,1,NON,0,rain,0.0,OUI
Dallas,2026-08-25 17:38:55,J+0,2026-08-25,18:00,104,104,0,NON,0,rain,0.0,OUI
Dallas,2026-08-25 17:38:55,J+0,2026-08-25,19:00,102,104,-2,NON,0,rain,0.0,OUI
Dallas,2026-08-25 17:38:55,J+0,2026-08-25,20:00,100,102,-2,NON,0,rain,0.0,OUI
Dallas,2026-08-25 17:38:55,J+0,2026-08-25,21:00,98,100,-2,NON,0,rain,0.0,OUI
Dallas,2026-08-25 17:38:55,J+0,2026-08-25,22:00,96,98,-2,NON,0,rain,0.0,OUI
Dallas,2026-08-25 17:38:55,J+0,2026-08-25,23:00,94,96,-2,NON,0,rain,0.0,OUI
Dallas,2026-08-25 17:38:55,J+1,2026-08-26,00:00,93,94,-1,NON,0,rain,0.0,OUI
Dallas,2026-08-25 17:38:55,J+1,2026-08-26,01:00,91,93,-2,NON,0,rain,0.0,OUI
Dallas,2026-08-25 17:38:55,J+1,2026-08-26,02:00,90,91,-1,NON,0,rain,0.0,OUI
Dallas,2026-08-25 17:38:55,J+1,2026-08-26,03:00,89,90,-1,NON,0,rain,0.0,OUI
Dallas,2026-08-25 17:38:55,J+1,2026-08-26,04:00,88,89,-1,NON,2,rain,0.0,OUI
Dallas,2026-08-25 17:38:55,J+1,2026-08-26,05:00,87,88,-1,NON,6,rain,0.0,OUI
Dallas,2026-08-25 17:38:55,J+1,2026-08-26,06:00,86,87,-1,NON,3,rain,0.0,OUI
Dallas,2026-08-25 17:38:55,J+1,2026-08-26,07:00,85,86,-1,NON,11,rain,0.0,OUI
Dallas,2026-08-25 17:38:55,J+1,2026-08-26,08:00,85,85,0,NON,5,rain,0.0,OUI
Dallas,2026-08-25 17:38:55,J+1,2026-08-26,09:00,86,85,1,NON,3,rain,0.0,OUI
Dallas,2026-08-25 17:38:55,J+1,2026-08-26,10:00,89,86,3,NON,3,rain,0.0,OUI
Dallas,2026-08-25 17:38:55,J+1,2026-08-26,11:00,91,89,2,NON,4,rain,0.0,OUI
Dallas,2026-08-25 17:38:55,J+1,2026-08-26,12:00,94,91,3,NON,1,rain,0.0,OUI
Dallas,2026-08-25 17:38:55,J+1,2026-08-26,13:00,97,94,3,NON,2,rain,0.0,OUI
Dallas,2026-08-25 17:38:55,J+1,2026-08-26,14:00,98,97,1,NON,3,rain,0.0,OUI
Dallas,2026-08-25 17:38:55,J+1,2026-08-26,15:00,99,98,1,NON,10,rain,0.0,OUI
Dallas,2026-08-25 17:38:55,J+1,2026-08-26,16:00,99,99,0,NON,3,rain,0.0,OUI
Dallas,2026-08-25 17:38:55,J+1,2026-08-26,17:00,99,99,0,NON,1,rain,0.0,OUI
Dallas,2026-08-25 17:38:55,J+1,2026-08-26,18:00,99,99,0,NON,1,rain,0.0,OUI
Dallas,2026-08-25 17:38:55,J+1,2026-08-26,19:00,98,99,-1,NON,15,rain,0.0,OUI
Dallas,2026-08-25 17:38:55,J+1,2026-08-26,20:00,95,98,-3,NON,15,rain,0.0,OUI
Dallas,2026-08-25 17:38:55,J+1,2026-08-26,21:00,93,95,-2,NON,15,rain,0.0,OUI
Dallas,2026-08-25 17:38:55,J+1,2026-08-26,22:00,91,93,-2,NON,15,rain,0.0,OUI
Dallas,2026-08-25 17:38:55,J+1,2026-08-26,23:00,90,91,-1,NON,15,rain,0.0,OUI
Dallas,2026-08-25 17:38:55,J+2,2026-08-27,00:00,89,90,-1,NON,15,rain,0.0,OUI
Dallas,2026-08-25 17:38:55,J+2,2026-08-27,01:00,88,89,-1,NON,15,rain,0.0,OUI
Dallas,2026-08-25 17:38:55,J+2,2026-08-27,02:00,87,88,-1,NON,2,rain,0.0,OUI
Dallas,2026-08-25 17:38:55,J+2,2026-08-27,03:00,85,87,-2,NON,0,rain,0.0,OUI
Dallas,2026-08-25 17:38:55,J+2,2026-08-27,04:00,84,85,-1,NON,1,rain,0.0,OUI
Dallas,2026-08-25 17:38:55,J+2,2026-08-27,05:00,83,84,-1,NON,2,rain,0.0,OUI
Dallas,2026-08-25 17:38:55,J+2,2026-08-27,06:00,82,83,-1,NON,2,rain,0.0,OUI
Dallas,2026-08-25 17:38:55,J+2,2026-08-27,07:00,82,82,0,NON,2,rain,0.0,OUI
Dallas,2026-08-25 17:38:55,J+2,2026-08-27,08:00,82,82,0,NON,4,rain,0.0,OUI
Dallas,2026-08-25 17:38:55,J+2,2026-08-27,09:00,84,82,2,NON,2,rain,0.0,OUI
Dallas,2026-08-25 17:38:55,J+2,2026-08-27,10:00,87,84,3,NON,1,rain,0.0,OUI
Dallas,2026-08-25 17:38:55,J+2,2026-08-27,11:00,89,87,2,NON,1,rain,0.0,OUI
Dallas,2026-08-25 17:38:55,J+2,2026-08-27,12:00,93,89,4,NON,1,rain,0.0,OUI
Dallas,2026-08-25 17:38:55,J+2,2026-08-27,13:00,95,93,2,NON,1,rain,0.0,OUI
Dallas,2026-08-25 17:38:55,J+2,2026-08-27,14:00,97,95,2,NON,1,rain,0.0,OUI
Dallas,2026-08-25 17:38:55,J+2,2026-08-27,15:00,98,97,1,NON,1,rain,0.0,OUI
Dallas,2026-08-25 17:38:55,J+2,2026-08-27,16:00,99,98,1,NON,1,rain,0.0,OUI
Dallas,2026-08-25 17:38:55,J+2,2026-08-27,17:00,99,99,0,NON,1,rain,0.0,OUI
Dallas,2026-08-25 17:38:55,J+2,2026-08-27,18:00,98,99,-1,NON,1,rain,0.0,OUI
Dallas,2026-08-25 17:38:55,J+2,2026-08-27,19:00,97,98,-1,NON,0,rain,0.0,OUI
Dallas,2026-08-25 17:38:55,J+2,2026-08-27,20:00,95,97,-2,NON,0,rain,0.0,OUI
Dallas,2026-08-25 17:38:55,J+2,2026-08-27,21:00,93,95,-2,NON,1,rain,0.0,OUI
Dallas,2026-08-25 17:38:55,J+2,2026-08-27,22:00,90,93,-3,NON,1,rain,0.0,OUI
Dallas,2026-08-25 17:38:55,J+2,2026-08-27,23:00,88,90,-2,NON,1,rain,0.0,OUI
Denver,2026-08-25 17:38:55,J+0,2026-08-25,10:00,75,,,NON,6,rain,0.0,OUI
Denver,2026-08-25 17:38:55,J+0,2026-08-25,11:00,78,75,3,NON,2,rain,0.0,OUI
Denver,2026-08-25 17:38:55,J+0,2026-08-25,12:00,81,78,3,NON,15,rain,0.0,OUI
Denver,2026-08-25 17:38:55,J+0,2026-08-25,13:00,84,81,3,NON,15,rain,0.0,OUI
Denver,2026-08-25 17:38:55,J+0,2026-08-25,14:00,85,84,1,NON,15,rain,0.0,OUI
Denver,2026-08-25 17:38:55,J+0,2026-08-25,15:00,84,85,-1,NON,15,rain,0.0,OUI
Denver,2026-08-25 17:38:55,J+0,2026-08-25,16:00,84,84,0,NON,16,rain,0.0,OUI
Denver,2026-08-25 17:38:55,J+0,2026-08-25,17:00,84,84,0,NON,37,rain,0.15,OUI
Denver,2026-08-25 17:38:55,J+0,2026-08-25,18:00,78,84,-6,OUI,17,rain,0.0,OUI
Denver,2026-08-25 17:38:55,J+0,2026-08-25,19:00,75,78,-3,NON,15,rain,0.0,OUI
Denver,2026-08-25 17:38:55,J+0,2026-08-25,20:00,73,75,-2,NON,15,rain,0.0,OUI
Denver,2026-08-25 17:38:55,J+0,2026-08-25,21:00,70,73,-3,NON,3,rain,0.0,OUI
Denver,2026-08-25 17:38:55,J+0,2026-08-25,22:00,68,70,-2,NON,4,rain,0.0,OUI
Denver,2026-08-25 17:38:55,J+0,2026-08-25,23:00,66,68,-2,NON,2,rain,0.0,OUI
Denver,2026-08-25 17:38:55,J+1,2026-08-26,00:00,65,66,-1,NON,3,rain,0.0,OUI
Denver,2026-08-25 17:38:55,J+1,2026-08-26,01:00,65,65,0,NON,3,rain,0.0,OUI
Denver,2026-08-25 17:38:55,J+1,2026-08-26,02:00,64,65,-1,NON,3,rain,0.0,OUI
Denver,2026-08-25 17:38:55,J+1,2026-08-26,03:00,63,64,-1,NON,3,rain,0.0,OUI
Denver,2026-08-25 17:38:55,J+1,2026-08-26,04:00,62,63,-1,NON,3,rain,0.0,OUI
Denver,2026-08-25 17:38:55,J+1,2026-08-26,05:00,61,62,-1,NON,4,rain,0.0,OUI
Denver,2026-08-25 17:38:55,J+1,2026-08-26,06:00,61,61,0,NON,4,rain,0.0,OUI
Denver,2026-08-25 17:38:55,J+1,2026-08-26,07:00,62,61,1,NON,3,rain,0.0,OUI
Denver,2026-08-25 17:38:55,J+1,2026-08-26,08:00,67,62,5,NON,2,rain,0.0,OUI
Denver,2026-08-25 17:38:55,J+1,2026-08-26,09:00,71,67,4,NON,1,rain,0.0,OUI
Denver,2026-08-25 17:38:55,J+1,2026-08-26,10:00,74,71,3,NON,0,rain,0.0,OUI
Denver,2026-08-25 17:38:55,J+1,2026-08-26,11:00,78,74,4,NON,0,rain,0.0,OUI
Denver,2026-08-25 17:38:55,J+1,2026-08-26,12:00,81,78,3,NON,1,rain,0.0,OUI
Denver,2026-08-25 17:38:55,J+1,2026-08-26,13:00,84,81,3,NON,15,rain,0.0,OUI
Denver,2026-08-25 17:38:55,J+1,2026-08-26,14:00,85,84,1,NON,15,rain,0.0,OUI
Denver,2026-08-25 17:38:55,J+1,2026-08-26,15:00,85,85,0,NON,21,rain,0.0,OUI
Denver,2026-08-25 17:38:55,J+1,2026-08-26,16:00,82,85,-3,NON,42,rain,0.01,OUI
Denver,2026-08-25 17:38:55,J+1,2026-08-26,17:00,79,82,-3,NON,16,rain,0.0,OUI
Denver,2026-08-25 17:38:55,J+1,2026-08-26,18:00,79,79,0,NON,15,rain,0.0,OUI
Denver,2026-08-25 17:38:55,J+1,2026-08-26,19:00,76,79,-3,NON,31,rain,0.06,OUI
Denver,2026-08-25 17:38:55,J+1,2026-08-26,20:00,72,76,-4,NON,8,rain,0.0,OUI
Denver,2026-08-25 17:38:55,J+1,2026-08-26,21:00,70,72,-2,NON,3,rain,0.0,OUI
Denver,2026-08-25 17:38:55,J+1,2026-08-26,22:00,68,70,-2,NON,2,rain,0.0,OUI
Denver,2026-08-25 17:38:55,J+1,2026-08-26,23:00,66,68,-2,NON,3,rain,0.0,OUI
Denver,2026-08-25 17:38:55,J+2,2026-08-27,00:00,65,66,-1,NON,3,rain,0.0,OUI
Denver,2026-08-25 17:38:55,J+2,2026-08-27,01:00,64,65,-1,NON,3,rain,0.0,OUI
Denver,2026-08-25 17:38:55,J+2,2026-08-27,02:00,63,64,-1,NON,4,rain,0.0,OUI
Denver,2026-08-25 17:38:55,J+2,2026-08-27,03:00,62,63,-1,NON,4,rain,0.0,OUI
Denver,2026-08-25 17:38:55,J+2,2026-08-27,04:00,61,62,-1,NON,4,rain,0.0,OUI
Denver,2026-08-25 17:38:55,J+2,2026-08-27,05:00,60,61,-1,NON,4,rain,0.0,OUI
Denver,2026-08-25 17:38:55,J+2,2026-08-27,06:00,60,60,0,NON,4,rain,0.0,OUI
Denver,2026-08-25 17:38:55,J+2,2026-08-27,07:00,61,60,1,NON,4,rain,0.0,OUI
Denver,2026-08-25 17:38:55,J+2,2026-08-27,08:00,66,61,5,NON,1,rain,0.0,OUI
Denver,2026-08-25 17:38:55,J+2,2026-08-27,09:00,71,66,5,NON,0,rain,0.0,OUI
Denver,2026-08-25 17:38:55,J+2,2026-08-27,10:00,76,71,5,NON,0,rain,0.0,OUI
Denver,2026-08-25 17:38:55,J+2,2026-08-27,11:00,80,76,4,NON,0,rain,0.0,OUI
Denver,2026-08-25 17:38:55,J+2,2026-08-27,12:00,84,80,4,NON,1,rain,0.0,OUI
Denver,2026-08-25 17:38:55,J+2,2026-08-27,13:00,87,84,3,NON,1,rain,0.0,OUI
Denver,2026-08-25 17:38:55,J+2,2026-08-27,14:00,88,87,1,NON,1,rain,0.0,OUI
Denver,2026-08-25 17:38:55,J+2,2026-08-27,15:00,88,88,0,NON,9,rain,0.0,OUI
Denver,2026-08-25 17:38:55,J+2,2026-08-27,16:00,88,88,0,NON,6,rain,0.0,OUI
Denver,2026-08-25 17:38:55,J+2,2026-08-27,17:00,87,88,-1,NON,24,rain,0.0,OUI
Denver,2026-08-25 17:38:55,J+2,2026-08-27,18:00,83,87,-4,NON,23,rain,0.0,OUI
Denver,2026-08-25 17:38:55,J+2,2026-08-27,19:00,81,83,-2,NON,4,rain,0.0,OUI
Denver,2026-08-25 17:38:55,J+2,2026-08-27,20:00,77,81,-4,NON,4,rain,0.0,OUI
Denver,2026-08-25 17:38:55,J+2,2026-08-27,21:00,75,77,-2,NON,1,rain,0.0,OUI
Denver,2026-08-25 17:38:55,J+2,2026-08-27,22:00,72,75,-3,NON,1,rain,0.0,OUI
Denver,2026-08-25 17:38:55,J+2,2026-08-27,23:00,70,72,-2,NON,1,rain,0.0,OUI
Los Angeles,2026-08-25 17:38:55,J+0,2026-08-25,09:00,76,,,NON,1,rain,0.0,OUI
Los Angeles,2026-08-25 17:38:55,J+0,2026-08-25,10:00,79,76,3,NON,1,rain,0.0,OUI
Los Angeles,2026-08-25 17:38:55,J+0,2026-08-25,11:00,83,79,4,NON,0,rain,0.0,OUI
Los Angeles,2026-08-25 17:38:55,J+0,2026-08-25,12:00,84,83,1,NON,0,rain,0.0,OUI
Los Angeles,2026-08-25 17:38:55,J+0,2026-08-25,13:00,83,84,-1,NON,0,rain,0.0,OUI
Los Angeles,2026-08-25 17:38:55,J+0,2026-08-25,14:00,83,83,0,NON,0,rain,0.0,OUI
Los Angeles,2026-08-25 17:38:55,J+0,2026-08-25,15:00,83,83,0,NON,0,rain,0.0,OUI
Los Angeles,2026-08-25 17:38:55,J+0,2026-08-25,16:00,81,83,-2,NON,1,rain,0.0,OUI
Los Angeles,2026-08-25 17:38:55,J+0,2026-08-25,17:00,80,81,-1,NON,1,rain,0.0,OUI
Los Angeles,2026-08-25 17:38:55,J+0,2026-08-25,18:00,78,80,-2,NON,2,rain,0.0,OUI
Los Angeles,2026-08-25 17:38:55,J+0,2026-08-25,19:00,76,78,-2,NON,3,rain,0.0,OUI
Los Angeles,2026-08-25 17:38:55,J+0,2026-08-25,20:00,75,76,-1,NON,4,rain,0.0,OUI
Los Angeles,2026-08-25 17:38:55,J+0,2026-08-25,21:00,74,75,-1,NON,5,rain,0.0,OUI
Los Angeles,2026-08-25 17:38:55,J+0,2026-08-25,22:00,74,74,0,NON,5,rain,0.0,OUI
Los Angeles,2026-08-25 17:38:55,J+0,2026-08-25,23:00,74,74,0,NON,5,rain,0.0,OUI
Los Angeles,2026-08-25 17:38:55,J+1,2026-08-26,00:00,73,74,-1,NON,6,rain,0.0,OUI
Los Angeles,2026-08-25 17:38:55,J+1,2026-08-26,01:00,73,73,0,NON,6,rain,0.0,OUI
Los Angeles,2026-08-25 17:38:55,J+1,2026-08-26,02:00,73,73,0,NON,6,rain,0.0,OUI
Los Angeles,2026-08-25 17:38:55,J+1,2026-08-26,03:00,73,73,0,NON,7,rain,0.0,OUI
Los Angeles,2026-08-25 17:38:55,J+1,2026-08-26,04:00,72,73,-1,NON,7,rain,0.0,OUI
Los Angeles,2026-08-25 17:38:55,J+1,2026-08-26,05:00,72,72,0,NON,7,rain,0.0,OUI
Los Angeles,2026-08-25 17:38:55,J+1,2026-08-26,06:00,72,72,0,NON,7,rain,0.0,OUI
Los Angeles,2026-08-25 17:38:55,J+1,2026-08-26,07:00,73,72,1,NON,7,rain,0.0,OUI
Los Angeles,2026-08-25 17:38:55,J+1,2026-08-26,08:00,76,73,3,NON,4,rain,0.0,OUI
Los Angeles,2026-08-25 17:38:55,J+1,2026-08-26,09:00,79,76,3,NON,2,rain,0.0,OUI
Los Angeles,2026-08-25 17:38:55,J+1,2026-08-26,10:00,82,79,3,NON,1,rain,0.0,OUI
Los Angeles,2026-08-25 17:38:55,J+1,2026-08-26,11:00,84,82,2,NON,0,rain,0.0,OUI
Los Angeles,2026-08-25 17:38:55,J+1,2026-08-26,12:00,85,84,1,NON,2,rain,0.0,OUI
Los Angeles,2026-08-25 17:38:55,J+1,2026-08-26,13:00,84,85,-1,NON,0,rain,0.0,OUI
Los Angeles,2026-08-25 17:38:55,J+1,2026-08-26,14:00,84,84,0,NON,1,rain,0.0,OUI
Los Angeles,2026-08-25 17:38:55,J+1,2026-08-26,15:00,83,84,-1,NON,4,rain,0.0,OUI
Los Angeles,2026-08-25 17:38:55,J+1,2026-08-26,16:00,82,83,-1,NON,2,rain,0.0,OUI
Los Angeles,2026-08-25 17:38:55,J+1,2026-08-26,17:00,81,82,-1,NON,2,rain,0.0,OUI
Los Angeles,2026-08-25 17:38:55,J+1,2026-08-26,18:00,79,81,-2,NON,3,rain,0.0,OUI
Los Angeles,2026-08-25 17:38:55,J+1,2026-08-26,19:00,77,79,-2,NON,4,rain,0.0,OUI
Los Angeles,2026-08-25 17:38:55,J+1,2026-08-26,20:00,75,77,-2,NON,4,rain,0.0,OUI
Los Angeles,2026-08-25 17:38:55,J+1,2026-08-26,21:00,75,75,0,NON,4,rain,0.0,OUI
Los Angeles,2026-08-25 17:38:55,J+1,2026-08-26,22:00,75,75,0,NON,5,rain,0.0,OUI
Los Angeles,2026-08-25 17:38:55,J+1,2026-08-26,23:00,74,75,-1,NON,6,rain,0.0,OUI
Los Angeles,2026-08-25 17:38:55,J+2,2026-08-27,00:00,74,74,0,NON,6,rain,0.0,OUI
Los Angeles,2026-08-25 17:38:55,J+2,2026-08-27,01:00,74,74,0,NON,7,rain,0.0,OUI
Los Angeles,2026-08-25 17:38:55,J+2,2026-08-27,02:00,74,74,0,NON,7,rain,0.0,OUI
Los Angeles,2026-08-25 17:38:55,J+2,2026-08-27,03:00,74,74,0,NON,7,rain,0.0,OUI
Los Angeles,2026-08-25 17:38:55,J+2,2026-08-27,04:00,73,74,-1,NON,7,rain,0.0,OUI
Los Angeles,2026-08-25 17:38:55,J+2,2026-08-27,05:00,74,73,1,NON,7,rain,0.0,OUI
Los Angeles,2026-08-25 17:38:55,J+2,2026-08-27,06:00,74,74,0,NON,6,rain,0.0,OUI
Los Angeles,2026-08-25 17:38:55,J+2,2026-08-27,07:00,74,74,0,NON,6,rain,0.0,OUI
Los Angeles,2026-08-25 17:38:55,J+2,2026-08-27,08:00,76,74,2,NON,4,rain,0.0,OUI
Los Angeles,2026-08-25 17:38:55,J+2,2026-08-27,09:00,79,76,3,NON,3,rain,0.0,OUI
Los Angeles,2026-08-25 17:38:55,J+2,2026-08-27,10:00,82,79,3,NON,1,rain,0.0,OUI
Los Angeles,2026-08-25 17:38:55,J+2,2026-08-27,11:00,85,82,3,NON,0,rain,0.0,OUI
Los Angeles,2026-08-25 17:38:55,J+2,2026-08-27,12:00,84,85,-1,NON,1,rain,0.0,OUI
Los Angeles,2026-08-25 17:38:55,J+2,2026-08-27,13:00,83,84,-1,NON,4,rain,0.0,OUI
Los Angeles,2026-08-25 17:38:55,J+2,2026-08-27,14:00,82,83,-1,NON,4,rain,0.0,OUI
Los Angeles,2026-08-25 17:38:55,J+2,2026-08-27,15:00,82,82,0,NON,2,rain,0.0,OUI
Los Angeles,2026-08-25 17:38:55,J+2,2026-08-27,16:00,82,82,0,NON,2,rain,0.0,OUI
Los Angeles,2026-08-25 17:38:55,J+2,2026-08-27,17:00,82,82,0,NON,2,rain,0.0,OUI
Los Angeles,2026-08-25 17:38:55,J+2,2026-08-27,18:00,81,82,-1,NON,2,rain,0.0,OUI
Los Angeles,2026-08-25 17:38:55,J+2,2026-08-27,19:00,79,81,-2,NON,3,rain,0.0,OUI
Los Angeles,2026-08-25 17:38:55,J+2,2026-08-27,20:00,78,79,-1,NON,3,rain,0.0,OUI
Los Angeles,2026-08-25 17:38:55,J+2,2026-08-27,21:00,77,78,-1,NON,3,rain,0.0,OUI
Los Angeles,2026-08-25 17:38:55,J+2,2026-08-27,22:00,76,77,-1,NON,3,rain,0.0,OUI
Los Angeles,2026-08-25 17:38:55,J+2,2026-08-27,23:00,76,76,0,NON,4,rain,0.0,OUI
Chicago,2026-08-25 17:38:55,J+0,2026-08-25,11:00,75,,,NON,0,rain,0.0,OUI
Chicago,2026-08-25 17:38:55,J+0,2026-08-25,12:00,77,75,2,NON,0,rain,0.0,OUI
Chicago,2026-08-25 17:38:55,J+0,2026-08-25,13:00,79,77,2,NON,0,rain,0.0,OUI
Chicago,2026-08-25 17:38:55,J+0,2026-08-25,14:00,79,79,0,NON,0,rain,0.0,OUI
Chicago,2026-08-25 17:38:55,J+0,2026-08-25,15:00,79,79,0,NON,0,rain,0.0,OUI
Chicago,2026-08-25 17:38:55,J+0,2026-08-25,16:00,79,79,0,NON,0,rain,0.0,OUI
Chicago,2026-08-25 17:38:55,J+0,2026-08-25,17:00,79,79,0,NON,0,rain,0.0,OUI
Chicago,2026-08-25 17:38:55,J+0,2026-08-25,18:00,78,79,-1,NON,0,rain,0.0,OUI
Chicago,2026-08-25 17:38:55,J+0,2026-08-25,19:00,76,78,-2,NON,0,rain,0.0,OUI
Chicago,2026-08-25 17:38:55,J+0,2026-08-25,20:00,74,76,-2,NON,0,rain,0.0,OUI
Chicago,2026-08-25 17:38:55,J+0,2026-08-25,21:00,73,74,-1,NON,1,rain,0.0,OUI
Chicago,2026-08-25 17:38:55,J+0,2026-08-25,22:00,71,73,-2,NON,3,rain,0.0,OUI
Chicago,2026-08-25 17:38:55,J+0,2026-08-25,23:00,70,71,-1,NON,4,rain,0.0,OUI
Chicago,2026-08-25 17:38:55,J+1,2026-08-26,00:00,69,70,-1,NON,6,rain,0.0,OUI
Chicago,2026-08-25 17:38:55,J+1,2026-08-26,01:00,69,69,0,NON,8,rain,0.0,OUI
Chicago,2026-08-25 17:38:55,J+1,2026-08-26,02:00,69,69,0,NON,8,rain,0.0,OUI
Chicago,2026-08-25 17:38:55,J+1,2026-08-26,03:00,68,69,-1,NON,32,rain,0.01,OUI
Chicago,2026-08-25 17:38:55,J+1,2026-08-26,04:00,67,68,-1,NON,36,rain,0.07,OUI
Chicago,2026-08-25 17:38:55,J+1,2026-08-26,05:00,67,67,0,NON,33,rain,0.03,OUI
Chicago,2026-08-25 17:38:55,J+1,2026-08-26,06:00,67,67,0,NON,33,rain,0.01,OUI
Chicago,2026-08-25 17:38:55,J+1,2026-08-26,07:00,68,67,1,NON,14,rain,0.0,OUI
Chicago,2026-08-25 17:38:55,J+1,2026-08-26,08:00,70,68,2,NON,12,rain,0.0,OUI
Chicago,2026-08-25 17:38:55,J+1,2026-08-26,09:00,73,70,3,NON,6,rain,0.0,OUI
Chicago,2026-08-25 17:38:55,J+1,2026-08-26,10:00,75,73,2,NON,7,rain,0.0,OUI
Chicago,2026-08-25 17:38:55,J+1,2026-08-26,11:00,77,75,2,NON,6,rain,0.0,OUI
Chicago,2026-08-25 17:38:55,J+1,2026-08-26,12:00,80,77,3,NON,17,rain,0.0,OUI
Chicago,2026-08-25 17:38:55,J+1,2026-08-26,13:00,81,80,1,NON,16,rain,0.0,OUI
Chicago,2026-08-25 17:38:55,J+1,2026-08-26,14:00,82,81,1,NON,30,rain,0.01,OUI
Chicago,2026-08-25 17:38:55,J+1,2026-08-26,15:00,81,82,-1,NON,15,rain,0.0,OUI
Chicago,2026-08-25 17:38:55,J+1,2026-08-26,16:00,82,81,1,NON,18,rain,0.0,OUI
Chicago,2026-08-25 17:38:55,J+1,2026-08-26,17:00,81,82,-1,NON,15,rain,0.0,OUI
Chicago,2026-08-25 17:38:55,J+1,2026-08-26,18:00,80,81,-1,NON,3,rain,0.0,OUI
Chicago,2026-08-25 17:38:55,J+1,2026-08-26,19:00,79,80,-1,NON,3,rain,0.0,OUI
Chicago,2026-08-25 17:38:55,J+1,2026-08-26,20:00,77,79,-2,NON,3,rain,0.0,OUI
Chicago,2026-08-25 17:38:55,J+1,2026-08-26,21:00,75,77,-2,NON,4,rain,0.0,OUI
Chicago,2026-08-25 17:38:55,J+1,2026-08-26,22:00,74,75,-1,NON,3,rain,0.0,OUI
Chicago,2026-08-25 17:38:55,J+1,2026-08-26,23:00,72,74,-2,NON,4,rain,0.0,OUI
Chicago,2026-08-25 17:38:55,J+2,2026-08-27,00:00,71,72,-1,NON,4,rain,0.0,OUI
Chicago,2026-08-25 17:38:55,J+2,2026-08-27,01:00,70,71,-1,NON,4,rain,0.0,OUI
Chicago,2026-08-25 17:38:55,J+2,2026-08-27,02:00,68,70,-2,NON,5,rain,0.0,OUI
Chicago,2026-08-25 17:38:55,J+2,2026-08-27,03:00,67,68,-1,NON,5,rain,0.0,OUI
Chicago,2026-08-25 17:38:55,J+2,2026-08-27,04:00,66,67,-1,NON,6,rain,0.0,OUI
Chicago,2026-08-25 17:38:55,J+2,2026-08-27,05:00,66,66,0,NON,6,rain,0.0,OUI
Chicago,2026-08-25 17:38:55,J+2,2026-08-27,06:00,65,66,-1,NON,6,rain,0.0,OUI
Chicago,2026-08-25 17:38:55,J+2,2026-08-27,07:00,66,65,1,NON,6,rain,0.0,OUI
Chicago,2026-08-25 17:38:55,J+2,2026-08-27,08:00,68,66,2,NON,4,rain,0.0,OUI
Chicago,2026-08-25 17:38:55,J+2,2026-08-27,09:00,72,68,4,NON,3,rain,0.0,OUI
Chicago,2026-08-25 17:38:55,J+2,2026-08-27,10:00,74,72,2,NON,9,rain,0.0,OUI
Chicago,2026-08-25 17:38:55,J+2,2026-08-27,11:00,76,74,2,NON,8,rain,0.0,OUI
Chicago,2026-08-25 17:38:55,J+2,2026-08-27,12:00,78,76,2,NON,6,rain,0.0,OUI
Chicago,2026-08-25 17:38:55,J+2,2026-08-27,13:00,79,78,1,NON,8,rain,0.0,OUI
Chicago,2026-08-25 17:38:55,J+2,2026-08-27,14:00,79,79,0,NON,5,rain,0.0,OUI
Chicago,2026-08-25 17:38:55,J+2,2026-08-27,15:00,79,79,0,NON,4,rain,0.0,OUI
Chicago,2026-08-25 17:38:55,J+2,2026-08-27,16:00,79,79,0,NON,3,rain,0.0,OUI
Chicago,2026-08-25 17:38:55,J+2,2026-08-27,17:00,78,79,-1,NON,5,rain,0.0,OUI
Chicago,2026-08-25 17:38:55,J+2,2026-08-27,18:00,77,78,-1,NON,2,rain,0.0,OUI
Chicago,2026-08-25 17:38:55,J+2,2026-08-27,19:00,75,77,-2,NON,2,rain,0.0,OUI
Chicago,2026-08-25 17:38:55,J+2,2026-08-27,20:00,74,75,-1,NON,2,rain,0.0,OUI
Chicago,2026-08-25 17:38:55,J+2,2026-08-27,21:00,72,74,-2,NON,3,rain,0.0,OUI
Chicago,2026-08-25 17:38:55,J+2,2026-08-27,22:00,69,72,-3,NON,4,rain,0.0,OUI
Chicago,2026-08-25 17:38:55,J+2,2026-08-27,23:00,68,69,-1,NON,4,rain,0.0,OUI
Houston,2026-08-25 17:38:55,J+0,2026-08-25,11:00,91,,,NON,0,rain,0.0,OUI
Houston,2026-08-25 17:38:55,J+0,2026-08-25,12:00,93,91,2,NON,1,rain,0.0,OUI
Houston,2026-08-25 17:38:55,J+0,2026-08-25,13:00,94,93,1,NON,2,rain,0.0,OUI
Houston,2026-08-25 17:38:55,J+0,2026-08-25,14:00,94,94,0,NON,3,rain,0.0,OUI
Houston,2026-08-25 17:38:55,J+0,2026-08-25,15:00,94,94,0,NON,8,rain,0.0,OUI
Houston,2026-08-25 17:38:55,J+0,2026-08-25,16:00,94,94,0,NON,7,rain,0.0,OUI
Houston,2026-08-25 17:38:55,J+0,2026-08-25,17:00,95,94,1,NON,4,rain,0.0,OUI
Houston,2026-08-25 17:38:55,J+0,2026-08-25,18:00,95,95,0,NON,1,rain,0.0,OUI
Houston,2026-08-25 17:38:55,J+0,2026-08-25,19:00,92,95,-3,NON,0,rain,0.0,OUI
Houston,2026-08-25 17:38:55,J+0,2026-08-25,20:00,89,92,-3,NON,1,rain,0.0,OUI
Houston,2026-08-25 17:38:55,J+0,2026-08-25,21:00,87,89,-2,NON,2,rain,0.0,OUI
Houston,2026-08-25 17:38:55,J+0,2026-08-25,22:00,85,87,-2,NON,3,rain,0.0,OUI
Houston,2026-08-25 17:38:55,J+0,2026-08-25,23:00,84,85,-1,NON,4,rain,0.0,OUI
Houston,2026-08-25 17:38:55,J+1,2026-08-26,00:00,83,84,-1,NON,5,rain,0.0,OUI
Houston,2026-08-25 17:38:55,J+1,2026-08-26,01:00,82,83,-1,NON,6,rain,0.0,OUI
Houston,2026-08-25 17:38:55,J+1,2026-08-26,02:00,81,82,-1,NON,6,rain,0.0,OUI
Houston,2026-08-25 17:38:55,J+1,2026-08-26,03:00,81,81,0,NON,7,rain,0.0,OUI
Houston,2026-08-25 17:38:55,J+1,2026-08-26,04:00,80,81,-1,NON,7,rain,0.0,OUI
Houston,2026-08-25 17:38:55,J+1,2026-08-26,05:00,80,80,0,NON,7,rain,0.0,OUI
Houston,2026-08-25 17:38:55,J+1,2026-08-26,06:00,79,80,-1,NON,8,rain,0.0,OUI
Houston,2026-08-25 17:38:55,J+1,2026-08-26,07:00,79,79,0,NON,8,rain,0.0,OUI
Houston,2026-08-25 17:38:55,J+1,2026-08-26,08:00,81,79,2,NON,6,rain,0.0,OUI
Houston,2026-08-25 17:38:55,J+1,2026-08-26,09:00,85,81,4,NON,4,rain,0.0,OUI
Houston,2026-08-25 17:38:55,J+1,2026-08-26,10:00,87,85,2,NON,2,rain,0.0,OUI
Houston,2026-08-25 17:38:55,J+1,2026-08-26,11:00,90,87,3,NON,1,rain,0.0,OUI
Houston,2026-08-25 17:38:55,J+1,2026-08-26,12:00,92,90,2,NON,0,rain,0.0,OUI
Houston,2026-08-25 17:38:55,J+1,2026-08-26,13:00,94,92,2,NON,0,rain,0.0,OUI
Houston,2026-08-25 17:38:55,J+1,2026-08-26,14:00,95,94,1,NON,2,rain,0.0,OUI
Houston,2026-08-25 17:38:55,J+1,2026-08-26,15:00,97,95,2,NON,0,rain,0.0,OUI
Houston,2026-08-25 17:38:55,J+1,2026-08-26,16:00,98,97,1,NON,0,rain,0.0,OUI
Houston,2026-08-25 17:38:55,J+1,2026-08-26,17:00,98,98,0,NON,2,rain,0.0,OUI
Houston,2026-08-25 17:38:55,J+1,2026-08-26,18:00,97,98,-1,NON,0,rain,0.0,OUI
Houston,2026-08-25 17:38:55,J+1,2026-08-26,19:00,95,97,-2,NON,0,rain,0.0,OUI
Houston,2026-08-25 17:38:55,J+1,2026-08-26,20:00,91,95,-4,NON,1,rain,0.0,OUI
Houston,2026-08-25 17:38:55,J+1,2026-08-26,21:00,89,91,-2,NON,1,rain,0.0,OUI
Houston,2026-08-25 17:38:55,J+1,2026-08-26,22:00,87,89,-2,NON,2,rain,0.0,OUI
Houston,2026-08-25 17:38:55,J+1,2026-08-26,23:00,85,87,-2,NON,3,rain,0.0,OUI
Houston,2026-08-25 17:38:55,J+2,2026-08-27,00:00,83,85,-2,NON,4,rain,0.0,OUI
Houston,2026-08-25 17:38:55,J+2,2026-08-27,01:00,83,83,0,NON,7,rain,0.0,OUI
Houston,2026-08-25 17:38:55,J+2,2026-08-27,02:00,82,83,-1,NON,8,rain,0.0,OUI
Houston,2026-08-25 17:38:55,J+2,2026-08-27,03:00,81,82,-1,NON,8,rain,0.0,OUI
Houston,2026-08-25 17:38:55,J+2,2026-08-27,04:00,81,81,0,NON,9,rain,0.0,OUI
Houston,2026-08-25 17:38:55,J+2,2026-08-27,05:00,81,81,0,NON,9,rain,0.0,OUI
Houston,2026-08-25 17:38:55,J+2,2026-08-27,06:00,80,81,-1,NON,9,rain,0.0,OUI
Houston,2026-08-25 17:38:55,J+2,2026-08-27,07:00,80,80,0,NON,10,rain,0.0,OUI
Houston,2026-08-25 17:38:55,J+2,2026-08-27,08:00,82,80,2,NON,8,rain,0.0,OUI
Houston,2026-08-25 17:38:55,J+2,2026-08-27,09:00,85,82,3,NON,6,rain,0.0,OUI
Houston,2026-08-25 17:38:55,J+2,2026-08-27,10:00,87,85,2,NON,4,rain,0.0,OUI
Houston,2026-08-25 17:38:55,J+2,2026-08-27,11:00,90,87,3,NON,3,rain,0.0,OUI
Houston,2026-08-25 17:38:55,J+2,2026-08-27,12:00,92,90,2,NON,8,rain,0.0,OUI
Houston,2026-08-25 17:38:55,J+2,2026-08-27,13:00,93,92,1,NON,11,rain,0.0,OUI
Houston,2026-08-25 17:38:55,J+2,2026-08-27,14:00,95,93,2,NON,12,rain,0.0,OUI
Houston,2026-08-25 17:38:55,J+2,2026-08-27,15:00,96,95,1,NON,40,rain,0.03,OUI
Houston,2026-08-25 17:38:55,J+2,2026-08-27,16:00,94,96,-2,NON,48,rain,0.06,OUI
Houston,2026-08-25 17:38:55,J+2,2026-08-27,17:00,94,94,0,NON,49,rain,0.02,OUI
Houston,2026-08-25 17:38:55,J+2,2026-08-27,18:00,92,94,-2,NON,42,rain,0.03,OUI
Houston,2026-08-25 17:38:55,J+2,2026-08-27,19:00,91,92,-1,NON,20,rain,0.0,OUI
Houston,2026-08-25 17:38:55,J+2,2026-08-27,20:00,88,91,-3,NON,14,rain,0.0,OUI
Houston,2026-08-25 17:38:55,J+2,2026-08-27,21:00,86,88,-2,NON,24,rain,0.0,OUI
Houston,2026-08-25 17:38:55,J+2,2026-08-27,22:00,84,86,-2,NON,10,rain,0.0,OUI
Houston,2026-08-25 17:38:55,J+2,2026-08-27,23:00,83,84,-1,NON,13,rain,0.0,OUI
Seattle,2026-08-25 17:38:55,J+0,2026-08-25,09:00,66,,,NON,1,rain,0.0,OUI
Seattle,2026-08-25 17:38:55,J+0,2026-08-25,10:00,69,66,3,NON,1,rain,0.0,OUI
Seattle,2026-08-25 17:38:55,J+0,2026-08-25,11:00,72,69,3,NON,0,rain,0.0,OUI
Seattle,2026-08-25 17:38:55,J+0,2026-08-25,12:00,75,72,3,NON,0,rain,0.0,OUI
Seattle,2026-08-25 17:38:55,J+0,2026-08-25,13:00,78,75,3,NON,0,rain,0.0,OUI
Seattle,2026-08-25 17:38:55,J+0,2026-08-25,14:00,80,78,2,NON,0,rain,0.0,OUI
Seattle,2026-08-25 17:38:55,J+0,2026-08-25,15:00,82,80,2,NON,0,rain,0.0,OUI
Seattle,2026-08-25 17:38:55,J+0,2026-08-25,16:00,82,82,0,NON,0,rain,0.0,OUI
Seattle,2026-08-25 17:38:55,J+0,2026-08-25,17:00,81,82,-1,NON,0,rain,0.0,OUI
Seattle,2026-08-25 17:38:55,J+0,2026-08-25,18:00,79,81,-2,NON,0,rain,0.0,OUI
Seattle,2026-08-25 17:38:55,J+0,2026-08-25,19:00,75,79,-4,NON,1,rain,0.0,OUI
Seattle,2026-08-25 17:38:55,J+0,2026-08-25,20:00,71,75,-4,NON,2,rain,0.0,OUI
Seattle,2026-08-25 17:38:55,J+0,2026-08-25,21:00,68,71,-3,NON,3,rain,0.0,OUI
Seattle,2026-08-25 17:38:55,J+0,2026-08-25,22:00,65,68,-3,NON,4,rain,0.0,OUI
Seattle,2026-08-25 17:38:55,J+0,2026-08-25,23:00,63,65,-2,NON,5,rain,0.0,OUI
Seattle,2026-08-25 17:38:55,J+1,2026-08-26,00:00,62,63,-1,NON,6,rain,0.0,OUI
Seattle,2026-08-25 17:38:55,J+1,2026-08-26,01:00,61,62,-1,NON,6,rain,0.0,OUI
Seattle,2026-08-25 17:38:55,J+1,2026-08-26,02:00,60,61,-1,NON,7,rain,0.0,OUI
Seattle,2026-08-25 17:38:55,J+1,2026-08-26,03:00,59,60,-1,NON,7,rain,0.0,OUI
Seattle,2026-08-25 17:38:55,J+1,2026-08-26,04:00,59,59,0,NON,7,rain,0.0,OUI
Seattle,2026-08-25 17:38:55,J+1,2026-08-26,05:00,59,59,0,NON,7,rain,0.0,OUI
Seattle,2026-08-25 17:38:55,J+1,2026-08-26,06:00,59,59,0,NON,7,rain,0.0,OUI
Seattle,2026-08-25 17:38:55,J+1,2026-08-26,07:00,59,59,0,NON,7,rain,0.0,OUI
Seattle,2026-08-25 17:38:55,J+1,2026-08-26,08:00,60,59,1,NON,6,rain,0.0,OUI
Seattle,2026-08-25 17:38:55,J+1,2026-08-26,09:00,60,60,0,NON,6,rain,0.0,OUI
Seattle,2026-08-25 17:38:55,J+1,2026-08-26,10:00,62,60,2,NON,5,rain,0.0,OUI
Seattle,2026-08-25 17:38:55,J+1,2026-08-26,11:00,63,62,1,NON,4,rain,0.0,OUI
Seattle,2026-08-25 17:38:55,J+1,2026-08-26,12:00,65,63,2,NON,3,rain,0.0,OUI
Seattle,2026-08-25 17:38:55,J+1,2026-08-26,13:00,68,65,3,NON,2,rain,0.0,OUI
Seattle,2026-08-25 17:38:55,J+1,2026-08-26,14:00,71,68,3,NON,1,rain,0.0,OUI
Seattle,2026-08-25 17:38:55,J+1,2026-08-26,15:00,73,71,2,NON,1,rain,0.0,OUI
Seattle,2026-08-25 17:38:55,J+1,2026-08-26,16:00,75,73,2,NON,0,rain,0.0,OUI
Seattle,2026-08-25 17:38:55,J+1,2026-08-26,17:00,76,75,1,NON,0,rain,0.0,OUI
Seattle,2026-08-25 17:38:55,J+1,2026-08-26,18:00,75,76,-1,NON,0,rain,0.0,OUI
Seattle,2026-08-25 17:38:55,J+1,2026-08-26,19:00,73,75,-2,NON,0,rain,0.0,OUI
Seattle,2026-08-25 17:38:55,J+1,2026-08-26,20:00,70,73,-3,NON,1,rain,0.0,OUI
Seattle,2026-08-25 17:38:55,J+1,2026-08-26,21:00,68,70,-2,NON,2,rain,0.0,OUI
Seattle,2026-08-25 17:38:55,J+1,2026-08-26,22:00,66,68,-2,NON,3,rain,0.0,OUI
Seattle,2026-08-25 17:38:55,J+1,2026-08-26,23:00,65,66,-1,NON,5,rain,0.0,OUI
Seattle,2026-08-25 17:38:55,J+2,2026-08-27,00:00,64,65,-1,NON,12,rain,0.0,OUI
Seattle,2026-08-25 17:38:55,J+2,2026-08-27,01:00,62,64,-2,NON,14,rain,0.0,OUI
Seattle,2026-08-25 17:38:55,J+2,2026-08-27,02:00,61,62,-1,NON,7,rain,0.0,OUI
Seattle,2026-08-25 17:38:55,J+2,2026-08-27,03:00,60,61,-1,NON,8,rain,0.0,OUI
Seattle,2026-08-25 17:38:55,J+2,2026-08-27,04:00,60,60,0,NON,21,rain,0.0,OUI
Seattle,2026-08-25 17:38:55,J+2,2026-08-27,05:00,60,60,0,NON,9,rain,0.0,OUI
Seattle,2026-08-25 17:38:55,J+2,2026-08-27,06:00,60,60,0,NON,20,rain,0.0,OUI
Seattle,2026-08-25 17:38:55,J+2,2026-08-27,07:00,60,60,0,NON,20,rain,0.0,OUI
Seattle,2026-08-25 17:38:55,J+2,2026-08-27,08:00,60,60,0,NON,14,rain,0.0,OUI
Seattle,2026-08-25 17:38:55,J+2,2026-08-27,09:00,62,60,2,NON,13,rain,0.0,OUI
Seattle,2026-08-25 17:38:55,J+2,2026-08-27,10:00,64,62,2,NON,10,rain,0.0,OUI
Seattle,2026-08-25 17:38:55,J+2,2026-08-27,11:00,65,64,1,NON,5,rain,0.0,OUI
Seattle,2026-08-25 17:38:55,J+2,2026-08-27,12:00,68,65,3,NON,4,rain,0.0,OUI
Seattle,2026-08-25 17:38:55,J+2,2026-08-27,13:00,69,68,1,NON,9,rain,0.0,OUI
Seattle,2026-08-25 17:38:55,J+2,2026-08-27,14:00,70,69,1,NON,5,rain,0.0,OUI
Seattle,2026-08-25 17:38:55,J+2,2026-08-27,15:00,71,70,1,NON,9,rain,0.0,OUI
Seattle,2026-08-25 17:38:55,J+2,2026-08-27,16:00,71,71,0,NON,11,rain,0.0,OUI
Seattle,2026-08-25 17:38:55,J+2,2026-08-27,17:00,72,71,1,NON,0,rain,0.0,OUI
Seattle,2026-08-25 17:38:55,J+2,2026-08-27,18:00,71,72,-1,NON,1,rain,0.0,OUI
Seattle,2026-08-25 17:38:55,J+2,2026-08-27,19:00,69,71,-2,NON,1,rain,0.0,OUI
Seattle,2026-08-25 17:38:55,J+2,2026-08-27,20:00,67,69,-2,NON,2,rain,0.0,OUI
Seattle,2026-08-25 17:38:55,J+2,2026-08-27,21:00,65,67,-2,NON,3,rain,0.0,OUI
Seattle,2026-08-25 17:38:55,J+2,2026-08-27,22:00,63,65,-2,NON,4,rain,0.0,OUI
Seattle,2026-08-25 17:38:55,J+2,2026-08-27,23:00,62,63,-1,NON,8,rain,0.0,OUI
Atlanta,2026-08-25 17:38:55,J+0,2026-08-25,12:00,89,,,NON,0,rain,0.0,OUI
Atlanta,2026-08-25 17:38:55,J+0,2026-08-25,13:00,91,89,2,NON,0,rain,0.0,OUI
Atlanta,2026-08-25 17:38:55,J+0,2026-08-25,14:00,92,91,1,NON,0,rain,0.0,OUI
Atlanta,2026-08-25 17:38:55,J+0,2026-08-25,15:00,92,92,0,NON,0,rain,0.0,OUI
Atlanta,2026-08-25 17:38:55,J+0,2026-08-25,16:00,92,92,0,NON,0,rain,0.0,OUI
Atlanta,2026-08-25 17:38:55,J+0,2026-08-25,17:00,92,92,0,NON,0,rain,0.0,OUI
Atlanta,2026-08-25 17:38:55,J+0,2026-08-25,18:00,92,92,0,NON,0,rain,0.0,OUI
Atlanta,2026-08-25 17:38:55,J+0,2026-08-25,19:00,92,92,0,NON,0,rain,0.0,OUI
Atlanta,2026-08-25 17:38:55,J+0,2026-08-25,20:00,88,92,-4,NON,0,rain,0.0,OUI
Atlanta,2026-08-25 17:38:55,J+0,2026-08-25,21:00,85,88,-3,NON,0,rain,0.0,OUI
Atlanta,2026-08-25 17:38:55,J+0,2026-08-25,22:00,82,85,-3,NON,0,rain,0.0,OUI
Atlanta,2026-08-25 17:38:55,J+0,2026-08-25,23:00,80,82,-2,NON,0,rain,0.0,OUI
Atlanta,2026-08-25 17:38:55,J+1,2026-08-26,00:00,78,80,-2,NON,0,rain,0.0,OUI
Atlanta,2026-08-25 17:38:55,J+1,2026-08-26,01:00,77,78,-1,NON,1,rain,0.0,OUI
Atlanta,2026-08-25 17:38:55,J+1,2026-08-26,02:00,76,77,-1,NON,2,rain,0.0,OUI
Atlanta,2026-08-25 17:38:55,J+1,2026-08-26,03:00,75,76,-1,NON,4,rain,0.0,OUI
Atlanta,2026-08-25 17:38:55,J+1,2026-08-26,04:00,74,75,-1,NON,5,rain,0.0,OUI
Atlanta,2026-08-25 17:38:55,J+1,2026-08-26,05:00,73,74,-1,NON,4,rain,0.0,OUI
Atlanta,2026-08-25 17:38:55,J+1,2026-08-26,06:00,73,73,0,NON,4,rain,0.0,OUI
Atlanta,2026-08-25 17:38:55,J+1,2026-08-26,07:00,72,73,-1,NON,7,rain,0.0,OUI
Atlanta,2026-08-25 17:38:55,J+1,2026-08-26,08:00,73,72,1,NON,5,rain,0.0,OUI
Atlanta,2026-08-25 17:38:55,J+1,2026-08-26,09:00,77,73,4,NON,4,rain,0.0,OUI
Atlanta,2026-08-25 17:38:55,J+1,2026-08-26,10:00,80,77,3,NON,2,rain,0.0,OUI
Atlanta,2026-08-25 17:38:55,J+1,2026-08-26,11:00,83,80,3,NON,2,rain,0.0,OUI
Atlanta,2026-08-25 17:38:55,J+1,2026-08-26,12:00,85,83,2,NON,1,rain,0.0,OUI
Atlanta,2026-08-25 17:38:55,J+1,2026-08-26,13:00,87,85,2,NON,4,rain,0.0,OUI
Atlanta,2026-08-25 17:38:55,J+1,2026-08-26,14:00,88,87,1,NON,30,rain,0.09,OUI
Atlanta,2026-08-25 17:38:55,J+1,2026-08-26,15:00,88,88,0,NON,35,rain,0.18,OUI
Atlanta,2026-08-25 17:38:55,J+1,2026-08-26,16:00,87,88,-1,NON,24,rain,0.0,OUI
Atlanta,2026-08-25 17:38:55,J+1,2026-08-26,17:00,86,87,-1,NON,24,rain,0.0,OUI
Atlanta,2026-08-25 17:38:55,J+1,2026-08-26,18:00,86,86,0,NON,20,rain,0.0,OUI
Atlanta,2026-08-25 17:38:55,J+1,2026-08-26,19:00,86,86,0,NON,11,rain,0.0,OUI
Atlanta,2026-08-25 17:38:55,J+1,2026-08-26,20:00,83,86,-3,NON,14,rain,0.0,OUI
Atlanta,2026-08-25 17:38:55,J+1,2026-08-26,21:00,80,83,-3,NON,15,rain,0.0,OUI
Atlanta,2026-08-25 17:38:55,J+1,2026-08-26,22:00,78,80,-2,NON,11,rain,0.0,OUI
Atlanta,2026-08-25 17:38:55,J+1,2026-08-26,23:00,78,78,0,NON,10,rain,0.0,OUI
Atlanta,2026-08-25 17:38:55,J+2,2026-08-27,00:00,77,78,-1,NON,11,rain,0.0,OUI
Atlanta,2026-08-25 17:38:55,J+2,2026-08-27,01:00,76,77,-1,NON,8,rain,0.0,OUI
Atlanta,2026-08-25 17:38:55,J+2,2026-08-27,02:00,76,76,0,NON,9,rain,0.0,OUI
Atlanta,2026-08-25 17:38:55,J+2,2026-08-27,03:00,75,76,-1,NON,13,rain,0.0,OUI
Atlanta,2026-08-25 17:38:55,J+2,2026-08-27,04:00,74,75,-1,NON,19,rain,0.0,OUI
Atlanta,2026-08-25 17:38:55,J+2,2026-08-27,05:00,74,74,0,NON,17,rain,0.0,OUI
Atlanta,2026-08-25 17:38:55,J+2,2026-08-27,06:00,73,74,-1,NON,18,rain,0.0,OUI
Atlanta,2026-08-25 17:38:55,J+2,2026-08-27,07:00,73,73,0,NON,15,rain,0.0,OUI
Atlanta,2026-08-25 17:38:55,J+2,2026-08-27,08:00,74,73,1,NON,12,rain,0.0,OUI
Atlanta,2026-08-25 17:38:55,J+2,2026-08-27,09:00,76,74,2,NON,17,rain,0.0,OUI
Atlanta,2026-08-25 17:38:55,J+2,2026-08-27,10:00,78,76,2,NON,21,rain,0.0,OUI
Atlanta,2026-08-25 17:38:55,J+2,2026-08-27,11:00,80,78,2,NON,31,rain,0.01,OUI
Atlanta,2026-08-25 17:38:55,J+2,2026-08-27,12:00,82,80,2,NON,24,rain,0.0,OUI
Atlanta,2026-08-25 17:38:55,J+2,2026-08-27,13:00,83,82,1,NON,41,rain,0.05,OUI
Atlanta,2026-08-25 17:38:55,J+2,2026-08-27,14:00,83,83,0,NON,45,rain,0.1,OUI
Atlanta,2026-08-25 17:38:55,J+2,2026-08-27,15:00,83,83,0,NON,77,rain,0.04,OUI
Atlanta,2026-08-25 17:38:55,J+2,2026-08-27,16:00,82,83,-1,NON,54,rain,0.02,OUI
Atlanta,2026-08-25 17:38:55,J+2,2026-08-27,17:00,82,82,0,NON,41,rain,0.02,OUI
Atlanta,2026-08-25 17:38:55,J+2,2026-08-27,18:00,81,82,-1,NON,33,rain,0.02,OUI
Atlanta,2026-08-25 17:38:55,J+2,2026-08-27,19:00,80,81,-1,NON,34,rain,0.01,OUI
Atlanta,2026-08-25 17:38:55,J+2,2026-08-27,20:00,79,80,-1,NON,39,rain,0.04,OUI
Atlanta,2026-08-25 17:38:55,J+2,2026-08-27,21:00,76,79,-3,NON,39,rain,0.04,OUI
Atlanta,2026-08-25 17:38:55,J+2,2026-08-27,22:00,76,76,0,NON,39,rain,0.04,OUI
Atlanta,2026-08-25 17:38:55,J+2,2026-08-27,23:00,75,76,-1,NON,44,rain,0.02,OUI
San Francisco,2026-08-25 17:38:55,J+0,2026-08-25,09:00,60,,,NON,15,rain,0.0,OUI
San Francisco,2026-08-25 17:38:55,J+0,2026-08-25,10:00,62,60,2,NON,2,rain,0.0,OUI
San Francisco,2026-08-25 17:38:55,J+0,2026-08-25,11:00,64,62,2,NON,2,rain,0.0,OUI
San Francisco,2026-08-25 17:38:55,J+0,2026-08-25,12:00,66,64,2,NON,2,rain,0.0,OUI
San Francisco,2026-08-25 17:38:55,J+0,2026-08-25,13:00,68,66,2,NON,2,rain,0.0,OUI
San Francisco,2026-08-25 17:38:55,J+0,2026-08-25,14:00,69,68,1,NON,2,rain,0.0,OUI
San Francisco,2026-08-25 17:38:55,J+0,2026-08-25,15:00,69,69,0,NON,2,rain,0.0,OUI
San Francisco,2026-08-25 17:38:55,J+0,2026-08-25,16:00,69,69,0,NON,3,rain,0.0,OUI
San Francisco,2026-08-25 17:38:55,J+0,2026-08-25,17:00,68,69,-1,NON,4,rain,0.0,OUI
San Francisco,2026-08-25 17:38:55,J+0,2026-08-25,18:00,66,68,-2,NON,6,rain,0.0,OUI
San Francisco,2026-08-25 17:38:55,J+0,2026-08-25,19:00,64,66,-2,NON,7,rain,0.0,OUI
San Francisco,2026-08-25 17:38:55,J+0,2026-08-25,20:00,63,64,-1,NON,9,rain,0.0,OUI
San Francisco,2026-08-25 17:38:55,J+0,2026-08-25,21:00,62,63,-1,NON,9,rain,0.0,OUI
San Francisco,2026-08-25 17:38:55,J+0,2026-08-25,22:00,61,62,-1,NON,10,rain,0.0,OUI
San Francisco,2026-08-25 17:38:55,J+0,2026-08-25,23:00,60,61,-1,NON,10,rain,0.0,OUI
San Francisco,2026-08-25 17:38:55,J+1,2026-08-26,00:00,60,60,0,NON,10,rain,0.0,OUI
San Francisco,2026-08-25 17:38:55,J+1,2026-08-26,01:00,59,60,-1,NON,10,rain,0.0,OUI
San Francisco,2026-08-25 17:38:55,J+1,2026-08-26,02:00,59,59,0,NON,11,rain,0.0,OUI
San Francisco,2026-08-25 17:38:55,J+1,2026-08-26,03:00,58,59,-1,NON,11,rain,0.0,OUI
San Francisco,2026-08-25 17:38:55,J+1,2026-08-26,04:00,58,58,0,NON,22,rain,0.0,OUI
San Francisco,2026-08-25 17:38:55,J+1,2026-08-26,05:00,58,58,0,NON,22,rain,0.0,OUI
San Francisco,2026-08-25 17:38:55,J+1,2026-08-26,06:00,58,58,0,NON,22,rain,0.0,OUI
San Francisco,2026-08-25 17:38:55,J+1,2026-08-26,07:00,59,58,1,NON,21,rain,0.0,OUI
San Francisco,2026-08-25 17:38:55,J+1,2026-08-26,08:00,60,59,1,NON,21,rain,0.0,OUI
San Francisco,2026-08-25 17:38:55,J+1,2026-08-26,09:00,63,60,3,NON,5,rain,0.0,OUI
San Francisco,2026-08-25 17:38:55,J+1,2026-08-26,10:00,65,63,2,NON,3,rain,0.0,OUI
San Francisco,2026-08-25 17:38:55,J+1,2026-08-26,11:00,68,65,3,NON,2,rain,0.0,OUI
San Francisco,2026-08-25 17:38:55,J+1,2026-08-26,12:00,70,68,2,NON,1,rain,0.0,OUI
San Francisco,2026-08-25 17:38:55,J+1,2026-08-26,13:00,72,70,2,NON,1,rain,0.0,OUI
San Francisco,2026-08-25 17:38:55,J+1,2026-08-26,14:00,73,72,1,NON,0,rain,0.0,OUI
San Francisco,2026-08-25 17:38:55,J+1,2026-08-26,15:00,74,73,1,NON,0,rain,0.0,OUI
San Francisco,2026-08-25 17:38:55,J+1,2026-08-26,16:00,73,74,-1,NON,0,rain,0.0,OUI
San Francisco,2026-08-25 17:38:55,J+1,2026-08-26,17:00,71,73,-2,NON,1,rain,0.0,OUI
San Francisco,2026-08-25 17:38:55,J+1,2026-08-26,18:00,70,71,-1,NON,2,rain,0.0,OUI
San Francisco,2026-08-25 17:38:55,J+1,2026-08-26,19:00,68,70,-2,NON,3,rain,0.0,OUI
San Francisco,2026-08-25 17:38:55,J+1,2026-08-26,20:00,66,68,-2,NON,6,rain,0.0,OUI
San Francisco,2026-08-25 17:38:55,J+1,2026-08-26,21:00,65,66,-1,NON,7,rain,0.0,OUI
San Francisco,2026-08-25 17:38:55,J+1,2026-08-26,22:00,64,65,-1,NON,8,rain,0.0,OUI
San Francisco,2026-08-25 17:38:55,J+1,2026-08-26,23:00,64,64,0,NON,8,rain,0.0,OUI
San Francisco,2026-08-25 17:38:55,J+2,2026-08-27,00:00,63,64,-1,NON,9,rain,0.0,OUI
San Francisco,2026-08-25 17:38:55,J+2,2026-08-27,01:00,63,63,0,NON,10,rain,0.0,OUI
San Francisco,2026-08-25 17:38:55,J+2,2026-08-27,02:00,62,63,-1,NON,10,rain,0.0,OUI
San Francisco,2026-08-25 17:38:55,J+2,2026-08-27,03:00,62,62,0,NON,11,rain,0.0,OUI
San Francisco,2026-08-25 17:38:55,J+2,2026-08-27,04:00,61,62,-1,NON,11,rain,0.0,OUI
San Francisco,2026-08-25 17:38:55,J+2,2026-08-27,05:00,61,61,0,NON,12,rain,0.0,OUI
San Francisco,2026-08-25 17:38:55,J+2,2026-08-27,06:00,61,61,0,NON,11,rain,0.0,OUI
San Francisco,2026-08-25 17:38:55,J+2,2026-08-27,07:00,61,61,0,NON,11,rain,0.0,OUI
San Francisco,2026-08-25 17:38:55,J+2,2026-08-27,08:00,62,61,1,NON,9,rain,0.0,OUI
San Francisco,2026-08-25 17:38:55,J+2,2026-08-27,09:00,64,62,2,NON,7,rain,0.0,OUI
San Francisco,2026-08-25 17:38:55,J+2,2026-08-27,10:00,66,64,2,NON,6,rain,0.0,OUI
San Francisco,2026-08-25 17:38:55,J+2,2026-08-27,11:00,69,66,3,NON,3,rain,0.0,OUI
San Francisco,2026-08-25 17:38:55,J+2,2026-08-27,12:00,70,69,1,NON,1,rain,0.0,OUI
San Francisco,2026-08-25 17:38:55,J+2,2026-08-27,13:00,72,70,2,NON,1,rain,0.0,OUI
San Francisco,2026-08-25 17:38:55,J+2,2026-08-27,14:00,72,72,0,NON,1,rain,0.0,OUI
San Francisco,2026-08-25 17:38:55,J+2,2026-08-27,15:00,72,72,0,NON,1,rain,0.0,OUI
San Francisco,2026-08-25 17:38:55,J+2,2026-08-27,16:00,71,72,-1,NON,1,rain,0.0,OUI
San Francisco,2026-08-25 17:38:55,J+2,2026-08-27,17:00,70,71,-1,NON,2,rain,0.0,OUI
San Francisco,2026-08-25 17:38:55,J+2,2026-08-27,18:00,68,70,-2,NON,3,rain,0.0,OUI
San Francisco,2026-08-25 17:38:55,J+2,2026-08-27,19:00,66,68,-2,NON,4,rain,0.0,OUI
San Francisco,2026-08-25 17:38:55,J+2,2026-08-27,20:00,64,66,-2,NON,4,rain,0.0,OUI
San Francisco,2026-08-25 17:38:55,J+2,2026-08-27,21:00,63,64,-1,NON,5,rain,0.0,OUI
San Francisco,2026-08-25 17:38:55,J+2,2026-08-27,22:00,63,63,0,NON,5,rain,0.0,OUI
San Francisco,2026-08-25 17:38:55,J+2,2026-08-27,23:00,63,63,0,NON,5,rain,0.0,OUI
